date,open,high,low,close,vol,amount
2019-01-02,26.09,26.23,25.52,25.54,10261,50034973.0
2019-01-03,25.4,25.67,24.33,24.44,15675,73314736.0
2019-01-04,23.99,26.84,23.14,26.49,22486,108783285.0
2019-01-07,26.49,27.16,25.59,26.22,22478,109768471.0
2019-01-08,26.2,27.06,25.97,27.0,18093,90147473.0
2019-01-09,26.38,26.54,24.97,25.5,31817,153865136.0
2019-01-10,25.49,25.49,24.62,24.99,20886,98272232.0
2019-01-11,24.99,25.25,24.21,24.53,13738,63969241.0
2019-01-14,24.62,25.02,23.91,24.82,16673,77087763.0
2019-01-15,24.76,24.76,23.74,24.29,27228,124480356.0
2019-01-16,24.2,24.59,23.88,24.06,11742,53763819.0
2019-01-17,24.09,24.99,23.91,24.84,14805,69012189.0
2019-01-18,24.86,25.19,24.29,24.8,11607,53983475.0
2019-01-21,24.96,25.79,24.49,25.13,15723,74627041.0
2019-01-22,25.14,25.9,24.91,25.33,12540,60175307.0
2019-01-23,24.98,26.47,24.98,26.26,16573,80967072.0
2019-01-24,26.09,26.88,26.0,26.81,11241,55937148.0
2019-01-25,26.41,27.56,26.4,26.73,16051,81307913.0
2019-01-28,26.77,27.14,25.5,25.82,23783,115998394.0
2019-01-29,26.09,26.19,25.24,25.9,10847,52526510.0
2019-01-30,25.79,26.07,24.5,24.79,19202,90737962.0
2019-01-31,24.67,25.44,24.29,24.54,15304,71563252.0
2019-02-01,24.62,25.47,24.59,25.26,14107,67066103.0
2019-02-11,25.26,26.38,25.04,26.24,21361,103487996.0
2019-02-12,26.5,27.52,26.06,27.29,21679,109883688.0
2019-02-13,27.26,28.84,26.69,28.5,26095,137118885.0
2019-02-14,28.5,29.32,28.03,28.7,19605,105538073.0
2019-02-15,29.09,29.09,27.2,27.26,36911,190047430.0
2019-02-18,27.56,27.73,26.03,27.24,46793,235707375.0
2019-02-19,27.43,27.54,26.19,26.5,44094,219763896.0
2019-02-20,26.5,27.08,25.92,26.8,29140,144951616.0
2019-02-21,27.38,28.19,26.76,27.41,35750,183821897.0
2019-02-22,27.6,27.6,26.69,27.26,21191,106910062.0
2019-02-25,27.27,30.25,27.27,29.38,62424,339827984.0
2019-02-26,29.26,31.3,29.04,30.11,42697,241607878.0
2019-02-27,30.2,31.38,29.32,29.56,33009,185887889.0
2019-02-28,30.2,30.7,29.71,30.2,20146,112809451.0
2019-03-01,31.56,32.26,30.5,31.97,34998,204786919.0
2019-03-04,31.97,35.43,31.79,33.2,51011,318464208.0
2019-03-05,33.42,34.5,32.86,33.14,29503,181480276.0
2019-03-06,33.04,33.74,32.49,33.14,24589,149492676.0
2019-03-07,32.85,34.62,32.36,33.79,24406,149916185.0
2019-03-08,32.85,35.32,32.18,33.76,24145,150970380.0
2019-03-11,33.67,36.67,33.49,36.2,32471,212090878.0
2019-03-12,36.26,37.6,34.35,35.1,30785,201384977.0
2019-03-13,34.91,35.89,34.03,34.22,23992,152796639.0
2019-03-14,34.44,35.43,33.84,34.72,21665,138523770.0
2019-03-15,34.8,35.62,34.5,35.6,21686,139031235.0
2019-03-18,35.59,35.59,33.47,34.97,23899,150833033.0
2019-03-19,37.32,38.44,35.03,35.29,33490,222245196.0
2019-03-20,34.84,35.29,33.43,34.25,30017,187592046.0
2019-03-21,34.03,34.56,33.64,33.87,18036,112791702.0
2019-03-22,34.32,34.82,33.84,34.5,21289,133900855.0
2019-03-25,33.97,35.59,33.74,34.38,16787,107179367.0
2019-03-26,34.4,34.9,33.22,33.24,20498,127392838.0
2019-03-27,33.85,34.31,33.03,33.33,27533,169924605.0
2019-03-28,33.66,33.66,31.63,33.2,28169,169570180.0
2019-03-29,33.47,33.47,32.29,33.03,25962,156693003.0
2019-04-01,33.31,34.07,33.16,33.83,35271,218412179.0
2019-04-02,34.2,34.2,32.34,32.73,34437,207916835.0
2019-04-03,32.67,32.67,29.97,31.32,62228,357561552.0
2019-04-04,31.67,32.07,30.39,30.55,47114,270085728.0
2019-04-08,30.7,31.79,30.7,31.13,33658,194181413.0
2019-04-09,31.16,31.2,30.06,30.45,22640,127413895.0
2019-04-10,30.46,31.37,30.14,31.14,26040,149115121.0
2019-04-11,31.37,31.52,30.03,30.22,19274,108733019.0
2019-04-12,30.2,30.56,29.67,30.44,17938,100353556.0
2019-04-15,30.91,31.09,29.91,29.92,18498,103964010.0
2019-04-16,29.79,29.79,28.92,29.52,19645,107034732.0
2019-04-17,29.61,31.94,29.61,31.73,41195,238950511.0
2019-04-18,31.44,32.72,31.32,31.67,25537,151020001.0
2019-04-19,31.67,31.97,31.02,31.47,16409,95424897.0
2019-04-22,31.38,31.38,30.33,30.34,14112,80129507.0
2019-04-23,30.34,30.76,29.62,29.79,13903,77067829.0
2019-04-24,29.96,30.2,29.32,30.14,12221,67476877.0
2019-04-25,30.25,30.37,29.06,29.12,18763,102456804.0
2019-04-26,29.33,29.9,28.79,29.26,14657,79904112.0
2019-04-29,29.5,30.07,28.5,29.82,15998,87574539.0
2019-04-30,29.85,29.86,28.73,28.93,12380,67138890.0
2019-05-06,27.84,27.85,26.7,27.59,19065,97745970.0
2019-05-07,27.94,28.44,27.03,27.27,12550,64781372.0
2019-05-08,26.72,27.66,26.26,26.72,15944,80744301.0
2019-05-09,26.42,27.91,26.42,27.31,15201,77909397.0
2019-05-10,27.7,28.91,27.62,28.44,22765,120520731.0
2019-05-13,28.3,28.76,27.73,27.93,15439,81094763.0
2019-05-14,27.56,28.5,27.39,28.33,17810,93727124.0
2019-05-15,28.61,28.7,28.04,28.3,14468,76351822.0
2019-05-16,28.16,28.16,27.26,27.72,14531,75088012.0
2019-05-17,27.97,27.99,26.61,26.71,21230,107185134.0
2019-05-20,27.84,29.66,27.16,29.66,39189,210309116.0
2019-05-21,30.69,30.75,29.1,29.22,32019,176545626.0
2019-05-22,29.26,29.97,29.03,29.88,18660,102592389.0
2019-05-23,29.5,30.19,29.09,29.5,12327,67719350.0
2019-05-24,29.49,29.9,28.19,28.86,16368,87725280.0
2019-05-27,28.41,29.67,28.35,29.51,18078,97670657.0
2019-05-28,29.5,30.6,29.2,30.6,27504,154093105.0
2019-05-29,30.39,30.5,29.67,29.97,17769,98831540.0
2019-05-30,29.66,29.84,28.92,29.28,14568,79010266.0
2019-05-31,29.36,29.36,28.94,29.04,9371,50709815.0
2019-06-03,29.14,29.72,28.77,29.61,13772,75113128.0
2019-06-04,29.56,29.63,28.31,28.33,14786,79019757.0
2019-06-05,28.37,28.84,27.78,28.06,13354,69960743.0
2019-06-06,28.06,28.88,27.85,28.4,14661,77876256.0
2019-06-10,29.07,29.6,28.89,29.03,11070,59874850.0
2019-06-11,29.32,29.91,28.77,29.8,16087,88351552.0
2019-06-12,30.02,30.03,29.2,29.32,11309,61850301.0
2019-06-13,29.55,29.55,28.32,28.67,21238,113343475.0
2019-06-14,28.67,28.77,27.63,27.63,23576,123923513.0
2019-06-17,27.47,28.14,27.43,27.73,9323,48450126.0
2019-06-18,27.97,28.05,26.73,27.19,15831,80778401.0
2019-06-19,27.47,28.66,27.09,27.35,24896,128073839.0
2019-06-20,26.85,27.06,24.59,25.56,53743,259166358.0
2019-06-21,25.61,25.79,24.9,25.19,53334,253745982.0
2019-06-24,25.2,25.49,24.97,25.24,25044,119154042.0
2019-06-25,25.29,25.29,24.1,24.5,31344,145279773.0
2019-06-26,24.37,25.26,24.33,25.04,25060,117741499.0
2019-06-27,24.99,25.41,24.91,25.31,21593,102634387.0
2019-06-28,25.31,25.38,24.72,24.76,11012,51731847.0
2019-07-01,25.26,25.79,25.03,25.62,20743,99528299.0
2019-07-02,25.62,27.14,25.42,27.01,38417,192183903.0
2019-07-03,27.33,27.7,26.1,26.97,28290,142014474.0
2019-07-04,26.96,27.14,26.44,26.63,14182,71099168.0
2019-07-05,26.56,28.38,26.56,27.94,29718,152814043.0
2019-07-08,27.73,28.29,27.12,27.32,23579,121678452.0
2019-07-09,26.81,28.31,26.81,28.18,27717,83923481.0
2019-07-10,28.15,29.27,27.62,27.97,36441,113212469.0
2019-07-11,28.1,29.0,27.9,28.31,27983,86583187.0
2019-07-12,28.18,29.37,27.89,29.32,41286,130240490.0
2019-07-15,29.49,29.87,28.6,29.3,28634,91085181.0
2019-07-16,29.11,29.79,28.94,29.36,19633,62479744.0
2019-07-17,29.31,29.31,28.45,28.74,24226,75848881.0
2019-07-18,28.94,28.98,28.25,28.36,22485,69958748.0
2019-07-19,28.67,28.85,28.02,28.09,14951,46180017.0
2019-07-22,28.44,28.64,27.26,27.83,31253,95159063.0
2019-07-23,28.12,29.47,27.49,29.04,55255,172092134.0
2019-07-24,29.04,30.04,28.79,29.04,41477,131809787.0
2019-07-25,28.88,30.38,28.88,30.21,50819,165497104.0
2019-07-26,29.79,30.93,29.69,30.78,44905,148484715.0
2019-07-29,30.88,32.15,30.72,30.97,31931,107480157.0
2019-07-30,31.26,31.59,30.52,31.23,31660,106948395.0
2019-07-31,31.2,31.79,30.69,31.12,24140,81155368.0
2019-08-01,31.26,31.45,30.79,31.44,28837,97390728.0
2019-08-02,30.5,30.89,29.62,30.42,55764,183037178.0
2019-08-05,30.95,32.42,30.48,30.58,63384,212817237.0
2019-08-06,29.04,31.42,29.0,30.47,50568,165116493.0
2019-08-07,30.59,31.17,28.76,29.19,36770,118296717.0
2019-08-08,29.14,30.17,28.98,29.47,32408,104171322.0
2019-08-09,29.48,29.84,28.15,28.46,30578,95571657.0
2019-08-12,28.49,29.04,27.49,29.0,26749,82708859.0
2019-08-13,28.98,28.98,27.67,27.8,29780,91043739.0
2019-08-14,28.22,28.98,28.0,28.37,25128,77993873.0
2019-08-15,27.69,28.43,27.5,28.2,20608,63035108.0
2019-08-16,27.91,28.4,27.3,27.58,34766,104815494.0
2019-08-19,27.6,29.81,27.58,29.77,66856,211805916.0
2019-08-20,29.79,30.68,29.55,30.26,48149,157375759.0
2019-08-21,30.12,30.64,29.89,30.37,29339,96152574.0
2019-08-22,30.97,31.66,29.94,30.14,58159,192432651.0
2019-08-23,30.39,30.39,29.69,30.09,33551,109055035.0
2019-08-26,29.48,29.48,28.64,28.88,59532,187477474.0
2019-08-27,28.99,29.43,28.83,28.98,41617,131307718.0
2019-08-28,28.65,29.02,28.5,28.57,34387,107317556.0
2019-08-29,28.57,28.57,27.77,27.93,54308,165865844.0
2019-08-30,28.01,28.69,27.34,27.44,55046,166646122.0
2019-09-02,27.28,28.15,27.19,27.87,31949,96888731.0
2019-09-03,27.89,28.39,27.59,27.94,45632,139045730.0
2019-09-04,27.94,27.94,27.35,27.88,54805,164879053.0
2019-09-05,28.15,28.49,27.77,28.29,63471,194876869.0
2019-09-06,28.39,28.59,27.69,27.76,51328,156156419.0
2019-09-09,27.77,29.22,27.15,29.22,142055,436451888.0
2019-09-10,29.09,30.02,28.99,29.39,96183,306928576.0
2019-09-11,29.62,30.22,29.11,29.35,77294,249648988.0
2019-09-12,29.39,29.6,28.8,29.25,39365,124662690.0
2019-09-16,29.18,30.54,28.93,29.78,81702,263762240.0
2019-09-17,29.77,30.11,28.82,29.06,70086,223447473.0
2019-09-18,29.06,29.29,28.81,28.93,30962,97634074.0
2019-09-19,28.6,28.93,28.14,28.46,43701,135186301.0
2019-09-20,28.3,30.09,28.09,29.61,82332,261344061.0
2019-09-23,29.89,29.89,28.59,29.32,62393,197390919.0
2019-09-24,29.49,30.82,29.2,30.51,123871,406219680.0
2019-09-25,30.47,31.11,30.04,30.62,91516,303907088.0
2019-09-26,31.09,31.12,29.95,30.31,81869,270219376.0
2019-09-27,30.18,30.79,29.82,30.14,51738,169892202.0
2019-09-30,30.14,31.13,29.64,30.84,75951,251524086.0
2019-10-08,30.85,32.22,30.39,31.16,98752,335068800.0
2019-10-09,31.39,33.47,30.19,32.53,135084,462586496.0
2019-10-10,32.09,32.89,31.64,32.48,105796,368941152.0
2019-10-11,32.39,32.79,31.79,31.79,83861,290952944.0
2019-10-14,32.07,32.37,31.35,32.07,84230,288333200.0
2019-10-15,31.97,32.0,30.69,30.77,58518,196832626.0
2019-10-16,30.77,31.19,30.44,30.5,40210,133853610.0
2019-10-17,30.6,31.07,30.49,30.55,37200,123654917.0
2019-10-18,30.74,31.14,30.47,30.48,44113,146835142.0
2019-10-21,29.99,30.39,29.17,29.49,48349,155583694.0
2019-10-22,30.07,30.07,29.23,29.55,34033,109337792.0
2019-10-23,29.68,30.17,29.02,29.09,49674,159193727.0
2019-10-24,29.59,30.17,29.32,29.88,53034,171484913.0
2019-10-25,29.64,30.08,29.57,29.7,35975,116109701.0
2019-10-28,29.7,30.66,29.64,30.39,60193,197683752.0
2019-10-29,30.44,31.45,30.18,30.89,63845,213687711.0
2019-10-30,30.72,31.66,30.71,31.39,58807,199392483.0
2019-10-31,31.22,31.67,30.84,31.37,39060,132099376.0
2019-11-01,31.14,31.67,31.06,31.21,48905,165525654.0
2019-11-04,31.42,31.84,31.19,31.48,39667,135203530.0
2019-11-05,31.5,33.04,31.09,32.69,138512,484375600.0
2019-11-06,32.99,36.21,32.94,34.97,292981,1109992224.0
2019-11-07,34.95,35.69,34.35,34.94,138565,519994928.0
2019-11-08,34.99,35.17,33.85,34.4,120956,445920144.0
2019-11-11,34.09,34.19,33.11,33.59,59890,216413069.0
2019-11-12,33.59,34.15,33.04,33.21,52089,186780580.0
2019-11-13,33.36,33.59,32.61,33.05,62265,221309517.0
2019-11-14,32.52,33.99,32.52,33.69,86604,311369696.0
2019-11-15,33.56,33.58,32.64,32.64,56018,199471054.0
2019-11-18,32.74,34.28,32.49,34.25,66993,242640832.0
2019-11-19,34.25,36.77,34.25,36.43,113413,434016144.0
2019-11-20,36.79,37.26,36.15,36.5,85690,335679040.0
2019-11-21,36.68,37.48,36.5,36.99,96566,381688864.0
2019-11-22,38.08,39.66,36.29,36.69,119506,481854640.0
2019-11-25,37.69,38.96,36.49,37.92,131398,530312176.0
2019-11-26,37.64,39.37,37.04,37.54,134604,547887712.0
2019-11-27,38.39,39.65,37.94,38.9,105980,439562880.0
2019-11-28,38.99,39.82,38.5,39.19,80410,335748768.0
2019-11-29,39.43,39.44,37.59,38.79,78799,322674800.0
2019-12-02,38.45,39.19,37.63,37.9,96854,393875888.0
2019-12-03,38.01,38.01,37.05,37.57,71677,286793264.0
2019-12-04,37.57,38.64,37.29,37.91,79572,321380080.0
2019-12-05,37.98,41.57,37.8,41.24,120489,510722080.0
2019-12-06,41.24,41.61,40.44,41.24,66971,291669760.0
2019-12-09,41.61,42.15,40.01,40.39,80065,345004192.0
2019-12-10,40.34,40.84,39.68,40.35,75642,323567936.0
2019-12-11,40.47,41.33,39.64,40.67,86749,372805280.0
2019-12-12,40.33,41.46,40.28,40.41,53368,230683855.0
2019-12-13,40.52,43.19,40.52,42.19,132165,590579536.0
2019-12-16,42.74,42.98,41.95,42.71,79800,358854064.0
2019-12-17,42.99,45.09,42.99,44.38,97777,457907600.0
2019-12-18,43.7,44.25,43.28,43.39,74310,342288272.0
2019-12-19,43.67,44.0,42.99,43.9,43683,201183131.0
2019-12-20,44.38,45.42,43.65,44.09,47758,223255466.0
2019-12-23,44.23,46.09,43.1,43.41,87585,411634000.0
2019-12-24,43.96,45.59,43.5,45.59,129514,611826864.0
2019-12-25,45.5,47.68,45.13,47.52,126635,625351568.0
2019-12-26,47.55,48.07,46.9,47.19,70198,350595072.0
2019-12-27,47.49,48.87,47.01,47.49,76979,388069232.0
2019-12-30,47.69,49.37,47.01,49.17,88459,451759104.0
2019-12-31,49.07,49.5,46.48,47.99,114535,576508320.0
2020-01-02,47.99,48.94,47.04,48.44,79028,400563104.0
2020-01-03,48.33,51.37,47.6,51.37,97068,511194048.0
2020-01-06,52.61,56.37,52.61,54.02,156521,888578688.0
2020-01-07,54.98,55.28,53.48,54.32,83646,474544048.0
2020-01-08,54.45,55.64,52.9,52.9,109894,620674384.0
2020-01-09,53.98,54.14,52.39,53.27,97940,546591808.0
2020-01-10,52.8,54.39,52.27,53.81,97549,545977984.0
2020-01-13,54.99,56.44,53.19,54.59,134350,768163552.0
2020-01-14,53.52,54.99,52.59,52.92,176203,985195696.0
2020-01-15,52.49,53.34,51.99,52.65,92008,507797616.0
2020-01-16,52.84,54.25,52.16,53.15,78343,436126304.0
2020-01-17,53.15,53.92,52.14,52.99,68181,377345840.0
2020-01-20,52.72,55.67,52.11,54.71,118591,673703248.0
2020-01-21,54.71,56.49,53.5,55.66,97748,564159376.0
2020-01-22,55.54,59.98,54.69,59.27,169209,1019027216.0
2020-01-23,57.99,60.29,53.4,56.59,135488,805987760.0
2020-02-03,52.04,57.34,51.99,53.09,159657,909822448.0
2020-02-04,56.21,58.65,55.69,58.65,132517,801481648.0
2020-02-05,60.49,64.77,60.25,62.18,191439,1247073936.0
2020-02-06,58.55,65.41,58.55,65.37,150174,970210288.0
2020-02-07,64.91,64.99,60.93,61.45,192926,1248877168.0
2020-02-10,60.65,64.43,60.55,63.48,133493,869760704.0
2020-02-11,63.47,64.89,60.99,63.41,116829,770422000.0
2020-02-12,61.49,66.72,61.24,64.3,152098,1022677392.0
2020-02-13,64.14,64.78,61.99,61.99,159131,1041802416.0
2020-02-14,62.08,62.98,58.79,59.67,203786,1281413184.0
2020-02-17,59.72,61.9,59.72,61.37,101188,641344976.0
2020-02-18,61.99,63.14,60.95,62.58,91806,594083312.0
2020-02-19,64.59,64.59,59.6,59.62,145034,920509072.0
2020-02-20,59.37,61.87,59.37,60.46,106112,667993648.0
2020-02-21,59.79,62.94,59.7,62.31,141723,909063520.0
2020-02-24,61.62,62.37,59.06,60.97,186189,1171927056.0
2020-02-25,59.14,64.99,59.14,64.64,187761,1225668384.0
2020-02-26,64.28,64.64,58.8,58.89,198546,1257395472.0
2020-02-27,59.09,60.45,57.41,58.99,121181,745141152.0
2020-02-28,54.79,58.39,54.05,55.83,203057,1187835216.0
2020-03-02,56.67,57.35,53.9,55.47,134413,778774560.0
2020-03-03,57.3,59.27,56.98,57.39,126743,768652336.0
2020-03-04,56.24,57.34,54.09,55.11,144686,836276928.0
2020-03-05,55.93,56.5,55.24,56.14,91653,535169328.0
2020-03-06,56.14,56.94,54.99,55.69,63648,372171136.0
2020-03-09,53.22,55.36,51.49,52.04,121938,676318496.0
2020-03-10,51.49,54.69,51.48,54.29,98054,545678272.0
2020-03-11,55.28,55.59,52.71,52.89,92251,520895552.0
2020-03-12,51.5,52.87,50.82,51.45,96332,521931056.0
2020-03-13,48.12,52.49,47.88,51.29,104390,548935856.0
2020-03-16,51.27,51.27,46.29,46.79,117363,594879200.0
2020-03-17,47.65,48.31,45.02,46.77,119831,587589376.0
2020-03-18,47.49,48.99,45.79,46.48,111121,556521408.0
2020-03-19,46.7,47.59,44.79,45.8,94012,455609776.0
2020-03-20,47.47,47.97,44.37,45.23,109885,529427552.0
2020-03-23,42.76,43.74,40.46,40.71,144389,640065664.0
2020-03-24,41.49,42.0,39.04,40.61,150170,645369824.0
2020-03-25,41.84,44.36,41.81,43.35,132889,608984576.0
2020-03-26,43.74,43.81,41.91,42.49,85993,387518880.0
2020-03-27,43.99,44.59,41.7,41.93,103813,471274528.0
2020-03-30,40.56,41.47,39.29,40.39,99189,424345296.0
2020-03-31,41.23,41.67,39.5,39.99,87999,378857968.0
2020-04-01,41.02,44.02,40.89,42.6,162042,733500336.0
2020-04-02,42.64,45.68,42.64,45.6,150495,707593872.0
2020-04-03,46.31,46.56,45.2,45.95,121044,587215632.0
2020-04-07,47.39,48.59,46.49,47.73,138557,693529136.0
2020-04-08,47.55,48.7,46.09,46.49,111540,552797360.0
2020-04-09,47.18,47.22,45.09,46.49,89774,435257328.0
2020-04-10,46.53,47.25,45.09,45.5,58060,280697248.0
2020-04-13,44.4,44.48,42.29,43.14,94673,433397344.0
2020-04-14,44.37,46.87,44.08,46.52,119733,577505216.0
2020-04-15,47.26,48.28,46.29,46.99,111538,556300208.0
2020-04-16,46.39,48.46,46.14,48.21,73311,367496000.0
2020-04-17,48.94,50.14,48.44,48.92,109013,564359616.0
2020-04-20,48.99,49.7,48.19,49.31,60904,313399760.0
2020-04-21,48.59,48.98,47.32,48.48,69526,352288032.0
2020-04-22,47.69,49.47,47.28,49.12,52487,269215456.0
2020-04-23,49.09,50.07,48.01,48.49,57620,296269024.0
2020-04-24,49.29,50.11,47.82,48.52,65859,339042912.0
2020-04-27,48.09,49.71,47.57,48.52,47158,242043046.0
2020-04-28,48.35,49.98,47.54,48.49,64565,330081120.0
2020-04-29,48.0,49.32,47.58,48.07,42708,216352636.0
2020-04-30,49.29,53.08,49.29,52.3,105494,574211536.0
2020-05-06,51.89,53.47,51.05,53.03,94970,520431760.0
2020-05-07,53.17,53.67,51.99,52.0,72515,399288272.0
2020-05-08,52.55,53.64,51.99,53.09,85041,471344544.0
2020-05-11,52.88,53.69,52.2,52.69,72659,402186192.0
2020-05-12,52.82,53.77,52.22,53.47,53351,297422288.0
2020-05-13,52.69,53.81,52.5,52.73,46769,259240243.0
2020-05-14,52.74,52.74,51.15,51.29,58243,315621968.0
2020-05-15,52.1,52.9,49.9,50.78,78188,417464384.0
2020-05-18,50.89,51.66,50.04,50.26,47573,253752474.0
2020-05-19,51.39,53.47,50.69,51.39,85371,464614624.0
2020-05-20,54.48,56.78,53.82,54.46,188704,1102653472.0
2020-05-21,55.27,56.6,54.16,55.51,118339,686393264.0
2020-05-22,55.46,55.46,53.37,53.58,80479,455945328.0
2020-05-25,53.89,54.8,52.61,53.61,48267,269808160.0
2020-05-26,54.62,56.72,54.17,56.3,67365,391950720.0
2020-05-27,58.21,58.96,56.92,57.33,80728,485326656.0
2020-05-28,57.75,57.75,55.28,56.69,71481,419881232.0
2020-05-29,57.94,57.94,56.1,56.91,46068,272677712.0
2020-06-01,57.61,58.94,56.73,57.71,73622,444058464.0
2020-06-02,58.59,59.79,57.22,57.35,89802,543578432.0
2020-06-03,57.59,59.19,56.59,58.74,61758,374085952.0
2020-06-04,58.81,62.96,58.81,61.46,103889,665743456.0
2020-06-05,61.46,62.05,60.55,61.67,39683,252595663.0
2020-06-08,62.1,62.98,60.81,61.06,38893,249133414.0
2020-06-09,62.01,63.53,61.82,62.43,42876,278485344.0
2020-06-10,63.11,63.11,61.65,62.07,44758,288774176.0
2020-06-11,63.19,63.8,60.02,60.61,106679,681858992.0
2020-06-12,58.24,59.7,57.76,59.51,114338,697179680.0
2020-06-15,58.52,59.01,56.72,56.98,118667,714485296.0
2020-06-16,58.41,59.01,58.24,58.46,50273,306575728.0
2020-06-17,58.47,58.96,56.83,57.06,47768,285598688.0
2020-06-18,57.1,59.11,56.28,58.13,67501,406241168.0
2020-06-19,58.47,61.27,58.22,61.16,90885,573072448.0
2020-06-22,61.13,62.71,61.13,61.47,55776,358606640.0
2020-06-23,61.61,63.57,60.89,63.57,76198,496654992.0
2020-06-24,64.11,64.11,62.91,64.07,49900,329951344.0
2020-06-29,62.75,63.89,62.47,63.48,33752,220647300.0
2020-06-30,63.62,64.48,63.12,63.41,49880,330910576.0
2020-07-01,65.06,66.46,63.75,65.19,59865,405281776.0
2020-07-02,65.11,66.21,64.14,65.86,54424,369173616.0
2020-07-03,66.14,66.79,65.3,66.56,54776,376534368.0
2020-07-06,66.51,68.4,66.11,68.11,81708,574848480.0
2020-07-07,69.01,75.16,69.0,74.2,137508,1033931952.0
2020-07-08,74.48,75.14,71.59,73.61,64144,486836064.0
2020-07-09,72.7,74.52,72.49,73.49,68873,521133984.0
2020-07-10,73.11,74.25,71.56,71.71,63748,478776688.0
2020-07-13,73.13,76.07,72.43,74.11,79909,610930144.0
2020-07-14,73.31,76.21,72.52,74.43,80639,615406752.0
2020-07-15,74.55,77.88,73.1,75.71,86458,678017888.0
2020-07-16,77.11,81.71,68.61,69.84,114945,904142752.0
2020-07-17,71.04,74.59,69.86,72.62,97479,727667136.0
2020-07-20,76.63,77.0,69.92,71.51,105172,781688304.0
2020-07-21,72.98,75.1,71.69,73.8,72739,552889760.0
2020-07-22,73.65,76.61,72.58,74.19,55760,426896544.0
2020-07-23,73.11,74.99,71.93,74.91,74933,569514144.0
2020-07-24,74.11,74.48,67.18,67.18,151772,1088750816.0
2020-07-27,66.12,66.31,63.23,64.41,132983,888928320.0
2020-07-28,65.76,69.48,65.76,67.19,94695,660767824.0
2020-07-29,67.49,68.97,66.39,68.76,51499,363010016.0
2020-07-30,69.01,72.27,67.94,71.6,89219,655471952.0
2020-07-31,72.11,78.08,71.61,77.47,127876,1001786928.0
2020-08-03,78.6,79.45,75.86,77.47,82394,659483872.0
2020-08-04,77.46,81.61,76.41,79.41,90776,743062864.0
2020-08-05,79.61,82.08,78.79,79.36,76504,634944688.0
2020-08-06,80.65,81.59,78.71,80.61,57264,473125040.0
2020-08-07,79.77,82.49,78.76,80.81,57975,481714064.0
2020-08-10,82.41,82.62,79.82,80.79,52604,439408368.0
2020-08-11,80.86,84.81,78.71,79.6,90642,767133872.0
2020-08-12,82.13,82.18,73.61,75.42,144735,1130743920.0
2020-08-13,76.89,78.66,73.61,75.66,78556,615699984.0
2020-08-14,75.99,78.6,75.69,77.9,49683,397227504.0
2020-08-17,78.13,79.09,77.06,77.69,74529,598961168.0
2020-08-18,78.79,79.61,76.63,77.19,51370,411578624.0
2020-08-19,77.23,77.61,73.11,73.39,95334,736593232.0
2020-08-20,73.61,74.09,71.29,71.49,56542,420916416.0
2020-08-21,72.63,73.51,71.34,72.11,45634,339873104.0
2020-08-24,73.71,75.11,71.51,74.35,63267,480954608.0
2020-08-25,74.53,76.29,71.93,75.81,127411,981432624.0
2020-08-26,76.61,77.6,74.78,76.96,76155,602554768.0
2020-08-27,77.6,80.57,76.3,76.98,49765,399234576.0
2020-08-28,77.94,79.07,77.11,78.11,51214,410835328.0
2020-08-31,78.0,78.01,75.82,75.82,64242,508710080.0
2020-09-01,76.27,81.8,75.82,81.01,85368,701566912.0
2020-09-02,81.07,84.41,80.91,84.06,73166,623625136.0
2020-09-03,85.61,86.1,82.61,84.81,93395,813214896.0
2020-09-04,83.11,84.11,81.62,83.53,67826,578785392.0
2020-09-07,82.61,85.52,80.61,80.61,81255,693872272.0
2020-09-08,80.92,82.11,79.12,79.51,57150,470293616.0
2020-09-09,78.16,79.16,75.62,75.62,63555,504676096.0
2020-09-10,76.61,77.97,74.27,74.98,45104,355221696.0
2020-09-11,75.41,78.61,74.3,77.71,62121,489922112.0
2020-09-14,79.0,83.48,78.23,83.03,103689,867964880.0
2020-09-15,82.35,85.11,82.11,84.56,55516,478712112.0
2020-09-16,83.53,87.99,83.38,86.86,78426,698443504.0
2020-09-17,85.6,88.49,85.11,87.12,54842,490735328.0
2020-09-18,87.78,88.21,86.05,87.59,38264,343544912.0
2020-09-21,87.96,92.11,86.94,87.76,82681,762459952.0
2020-09-22,87.84,88.49,85.8,85.81,51967,465729120.0
2020-09-23,87.11,87.49,83.92,87.11,53055,468742608.0
2020-09-24,86.92,87.2,83.92,83.93,40509,354500864.0
2020-09-25,85.4,85.99,83.12,83.61,35600,307582960.0
2020-09-28,84.61,86.49,83.81,84.24,52879,463130704.0
2020-09-29,85.5,89.51,84.36,89.02,68682,619303936.0
2020-09-30,88.83,90.47,87.62,89.08,53260,486417712.0
2020-10-09,93.71,97.61,92.39,96.21,92454,909461408.0
2020-10-12,97.81,98.89,95.11,97.61,98323,971893248.0
2020-10-13,96.11,98.25,94.36,97.74,47617,471175152.0
2020-10-14,97.41,100.26,96.63,98.31,54340,548569488.0
2020-10-15,99.63,100.49,96.69,97.41,45388,456771360.0
2020-10-16,98.54,98.62,94.48,95.71,56422,554855664.0
2020-10-19,97.11,97.11,92.51,94.7,61627,595894800.0
2020-10-20,94.61,96.48,93.48,96.0,51717,503820288.0
2020-10-21,96.73,96.81,92.53,93.57,50605,485782896.0
2020-10-22,94.11,95.11,91.92,94.47,40863,392219408.0
2020-10-23,94.11,97.87,91.42,92.11,47816,461041776.0
2020-10-26,90.69,94.25,89.27,94.11,41139,389491248.0
2020-10-27,93.64,96.51,93.64,96.05,38927,381914864.0
2020-10-28,92.3,96.81,90.2,95.61,86240,839916448.0
2020-10-29,94.19,97.11,93.61,96.1,63824,625280368.0
2020-10-30,96.23,99.91,95.61,97.41,79484,794551536.0
2020-11-02,95.61,100.79,95.61,100.01,72151,731148928.0
2020-11-03,100.01,100.6,91.69,96.11,103564,1007769072.0
2020-11-04,95.61,97.27,93.19,95.0,62087,604546560.0
2020-11-05,96.11,103.21,96.11,102.61,95849,988340240.0
2020-11-06,103.61,105.56,100.21,102.27,70075,734909376.0
2020-11-09,102.86,105.11,98.38,100.71,78855,810379536.0
2020-11-10,99.64,103.21,95.86,102.61,69820,711981312.0
2020-11-11,101.19,105.01,101.04,101.61,95064,1009328752.0
2020-11-12,103.32,104.99,101.18,103.61,53019,560222256.0
2020-11-13,105.61,106.49,102.61,104.71,59239,634946352.0
2020-11-16,102.72,104.45,99.32,103.96,55002,573462320.0
2020-11-17,102.61,104.41,97.92,99.61,67426,692507360.0
2020-11-18,98.79,100.53,96.41,97.98,50202,502955344.0
2020-11-19,97.61,99.86,96.11,99.8,34405,346464880.0
2020-11-20,99.04,101.5,99.01,101.01,39520,406190224.0
2020-11-23,101.01,101.94,97.41,98.71,64152,652730288.0
2020-11-24,100.6,102.21,98.91,100.61,48347,495789456.0
2020-11-25,100.59,100.6,96.11,96.89,61037,609526016.0
2020-11-26,96.89,97.19,92.92,95.0,60573,587883616.0
2020-11-27,94.14,95.81,92.37,94.21,52644,505368544.0
2020-11-30,94.5,94.51,91.62,94.13,66628,634028144.0
2020-12-01,93.41,95.32,92.81,94.01,48568,469239344.0
2020-12-02,95.0,96.95,93.4,95.61,49202,479481232.0
2020-12-03,95.23,101.27,94.91,100.74,98648,1004473552.0
2020-12-04,102.01,103.78,100.74,103.31,77832,819627168.0
2020-12-07,103.41,105.71,102.44,104.67,56639,604961904.0
2020-12-08,105.71,108.58,104.89,105.61,68065,739375984.0
2020-12-09,107.61,108.31,104.61,106.2,53541,585485792.0
2020-12-10,105.58,107.99,102.62,107.11,71981,780842336.0
2020-12-11,107.11,108.41,105.39,105.39,81618,893118160.0
2020-12-14,107.61,114.51,106.92,113.21,79042,893679856.0
2020-12-15,113.59,118.59,113.5,118.31,75529,902050000.0
2020-12-16,117.52,123.61,117.51,122.61,64528,800551712.0
2020-12-17,122.61,124.61,120.27,124.61,69607,868125584.0
2020-12-18,123.61,125.69,122.77,124.3,43183,546999648.0
2020-12-21,125.38,131.11,124.42,130.11,68997,902437328.0
2020-12-22,128.85,139.6,128.61,136.61,79285,1080725120.0
2020-12-23,133.84,137.51,131.29,133.99,67188,916636016.0
2020-12-24,132.12,138.8,131.62,135.41,37062,512422736.0
2020-12-25,137.3,139.9,132.61,135.82,54872,758618784.0
2020-12-28,135.61,137.58,133.42,136.86,54875,758388128.0
2020-12-29,136.26,137.41,129.61,133.98,70365,951213312.0
2020-12-30,133.25,140.61,132.61,136.61,70130,976230224.0
2020-12-31,137.08,140.26,134.31,139.39,65733,921270480.0
2021-01-04,142.61,152.69,140.7,152.61,130856,1952329584.0
2021-01-05,149.91,163.37,147.66,163.06,78173,1228503648.0
2021-01-06,166.05,166.11,150.61,160.41,90602,1435628880.0
2021-01-07,155.61,162.6,153.11,162.11,78782,1260286896.0
2021-01-08,161.59,163.58,145.66,149.61,140875,2146829920.0
2021-01-11,137.19,141.61,134.41,134.41,119581,1645730288.0
2021-01-12,130.61,133.45,120.84,126.79,327581,4174418512.0
2021-01-13,132.5,139.61,129.64,134.06,220878,3027222608.0
2021-01-14,130.11,133.59,124.81,130.64,135410,1780292096.0
2021-01-15,131.29,141.37,128.61,136.85,112480,1542844784.0
2021-01-18,139.29,139.29,128.69,133.11,118849,1611656608.0
2021-01-19,132.42,134.54,127.47,127.77,91515,1219853264.0
2021-01-20,128.77,135.93,128.77,134.68,85343,1159644224.0
2021-01-21,135.37,137.61,132.61,136.61,73135,1007522752.0
2021-01-22,137.63,140.55,132.81,139.11,99199,1384965856.0
2021-01-25,141.61,145.69,137.62,140.51,106206,1534347936.0
2021-01-26,140.61,141.1,133.12,135.51,87869,1213370864.0
2021-01-27,135.19,137.96,131.61,134.67,64427,883805312.0
2021-01-28,131.72,135.21,129.67,130.61,64956,872587456.0
2021-01-29,130.61,133.6,125.85,129.58,67543,894187136.0
2021-02-01,129.58,134.11,128.62,133.02,60801,821166496.0
2021-02-02,133.3,136.29,130.11,135.31,78443,1071247792.0
2021-02-03,135.61,140.3,132.29,133.18,95034,1313844512.0
2021-02-04,133.31,134.52,130.79,133.16,59588,804727520.0
2021-02-05,134.91,135.58,129.11,129.4,62594,838806800.0
2021-02-08,130.71,132.06,126.9,131.81,65554,867457712.0
2021-02-09,133.11,142.0,132.63,140.11,101158,1430527696.0
2021-02-10,142.17,144.47,137.61,141.14,73821,1055776448.0
2021-02-18,143.85,145.15,130.21,130.63,156421,2136233136.0
2021-02-19,128.44,129.76,117.33,120.77,168236,2084035616.0
2021-02-22,121.91,121.91,112.61,113.61,142910,1701434352.0
2021-02-23,112.6,114.4,109.61,111.01,102823,1170306880.0
2021-02-24,110.49,110.56,103.81,105.51,108184,1175713056.0
2021-02-25,106.61,106.81,101.0,101.68,97713,1035747024.0
2021-02-26,100.12,106.59,98.11,103.62,121738,1280582816.0
2021-03-01,106.61,112.59,105.95,109.61,118482,1328233136.0
2021-03-02,109.2,114.59,108.27,113.52,105814,1211850320.0
2021-03-03,112.61,113.16,109.31,112.79,53776,615347216.0
2021-03-04,112.6,112.6,102.61,105.51,129495,1407526544.0
2021-03-05,101.27,107.31,99.05,105.73,112381,1187684288.0
2021-03-08,106.02,110.73,103.8,104.16,95221,1046656080.0
2021-03-09,103.29,111.41,99.19,106.7,125964,1370957728.0
2021-03-10,111.91,115.61,109.72,113.71,145958,1680613840.0
2021-03-11,113.72,117.18,111.89,115.09,92048,1080415248.0
2021-03-12,116.11,118.81,113.61,118.03,81131,968945872.0
2021-03-15,118.04,118.43,114.62,115.93,69422,820770256.0
2021-03-16,117.61,120.71,114.0,117.4,81919,982792816.0
2021-03-17,117.4,121.06,114.41,120.41,89298,1084569824.0
2021-03-18,122.31,122.61,110.31,113.11,175409,2054813168.0
2021-03-19,110.65,115.1,110.6,114.02,90000,1041044272.0
2021-03-22,113.91,117.94,112.78,113.86,56552,661877424.0
2021-03-23,115.61,115.9,109.3,111.12,59286,679856592.0
2021-03-24,109.59,112.24,103.71,105.21,88504,967907472.0
2021-03-25,104.24,111.18,103.22,110.21,61717,684933024.0
2021-03-26,111.19,113.61,109.63,111.92,56903,649678032.0
2021-03-29,112.94,114.62,110.61,112.11,49644,572355328.0
2021-03-30,112.59,114.27,110.32,113.45,40595,468598656.0
2021-03-31,114.1,114.1,108.51,109.53,61603,691176816.0
2021-04-01,109.62,115.19,109.62,113.51,52428,606822512.0
2021-04-02,114.61,118.6,113.11,113.99,54964,648416960.0
2021-04-06,114.01,117.09,113.84,114.61,31948,374977856.0
2021-04-07,115.11,116.06,113.21,115.19,38171,446353552.0
2021-04-08,114.61,115.95,112.49,115.12,32726,383457296.0
2021-04-09,115.28,115.61,111.71,112.78,30454,351305488.0
2021-04-12,112.44,114.16,108.73,110.07,40736,460740224.0
2021-04-13,109.36,113.91,108.91,111.24,38735,441534880.0
2021-04-14,111.31,115.11,111.31,114.72,48033,560139568.0
2021-04-15,114.61,114.61,111.82,114.04,31595,365656176.0
2021-04-16,114.81,114.87,110.15,110.99,34895,398210912.0
2021-04-19,112.59,120.46,110.62,119.24,107645,1291167760.0
2021-04-20,116.19,123.64,115.95,122.32,81573,1010272960.0
2021-04-21,122.11,123.51,118.81,121.32,39224,483476816.0
2021-04-22,121.69,122.91,119.5,121.78,33996,420690816.0
2021-04-23,121.61,126.59,120.92,123.61,52661,669118032.0
2021-04-26,123.93,129.36,123.93,125.29,73555,952169376.0
2021-04-27,127.6,128.49,125.49,127.38,56143,726450528.0
2021-04-28,127.61,129.17,126.29,128.91,56737,740415792.0
2021-04-29,129.61,130.33,127.01,128.56,38710,506703344.0
2021-04-30,127.78,134.66,126.78,132.33,55432,740116080.0
2021-05-06,131.78,132.78,128.77,131.78,45687,610171920.0
2021-05-07,131.18,132.88,126.28,127.51,55800,730925408.0
2021-05-10,127.51,129.28,126.08,128.66,37119,482670272.0
2021-05-11,126.34,130.16,126.34,128.94,29898,389983936.0
2021-05-12,127.45,128.92,123.24,126.15,55114,703901008.0
2021-05-13,124.28,126.73,122.4,123.9,40998,516920672.0
2021-05-14,124.28,126.18,122.07,124.51,50945,645718256.0
2021-05-17,125.56,135.61,124.78,134.45,84099,1130810704.0
2021-05-18,136.43,137.76,134.06,135.78,45647,632590080.0
2021-05-19,135.98,147.34,134.78,145.27,78877,1141544640.0
2021-05-20,142.99,148.43,142.41,144.1,81673,1196441200.0
2021-05-21,147.03,147.03,141.58,143.78,46325,675973488.0
2021-05-24,145.78,146.08,140.93,144.97,45690,667433536.0
2021-05-25,144.25,149.77,143.31,147.3,49723,744881280.0
2021-05-26,147.28,148.76,145.03,145.48,38301,569632544.0
2021-05-27,145.79,149.28,143.65,147.65,43593,647911312.0
2021-05-28,148.76,162.64,148.33,162.63,119870,1960809568.0
2021-05-31,164.79,178.78,164.79,175.43,141945,2497617776.0
2021-06-01,175.41,177.43,166.78,171.67,89040,1545182288.0
2021-06-02,172.79,176.28,167.78,169.78,63648,1102337168.0
2021-06-03,169.48,171.78,160.78,169.84,71507,1215368240.0
2021-06-04,169.08,177.98,169.08,173.78,76946,1363222928.0
2021-06-07,174.84,176.85,169.13,172.28,50360,875429680.0
2021-06-08,172.28,177.76,163.58,167.19,68613,1174110944.0
2021-06-09,166.82,170.9,165.23,167.78,44387,753523808.0
2021-06-10,168.78,180.38,167.82,177.28,92203,1637985952.0
2021-06-11,181.78,192.47,178.58,188.99,142876,2705881168.0
2021-06-15,192.72,193.39,183.9,188.26,80795,1539439760.0
2021-06-23,202.6,207.31,197.78,207.31,224494,4667502080.0
2021-06-24,207.78,210.18,201.28,205.76,110535,2296676976.0
2021-06-25,205.76,215.66,204.94,212.18,106273,2270117168.0
2021-06-28,211.34,227.0,208.78,222.13,101292,2268762224.0
2021-06-29,225.79,231.92,223.98,227.71,85923,1972448448.0
2021-06-30,228.78,239.78,222.78,231.88,67231,1576575056.0
2021-07-01,236.78,241.58,227.78,233.74,73547,1741800912.0
2021-07-02,230.42,237.58,221.98,231.76,95097,2218765808.0
2021-07-05,236.38,237.38,223.58,229.48,80022,1851047664.0
2021-07-06,230.81,243.28,226.28,231.89,95120,2238680992.0
2021-07-07,225.8,249.77,223.8,245.28,101724,2492876608.0
2021-07-08,244.69,254.07,238.98,239.81,95199,2366406272.0
2021-07-09,238.97,250.95,231.54,246.85,85399,2098240304.0
2021-07-12,251.78,271.5,246.11,265.34,126458,3335215280.0
2021-07-13,267.04,271.78,251.07,260.95,97316,2542925312.0
2021-07-14,253.88,256.29,240.84,250.3,107471,2713581008.0
2021-07-15,244.22,272.03,244.22,270.78,89531,2364099440.0
2021-07-16,267.59,267.78,243.48,243.48,115622,2943760496.0
2021-07-19,230.78,241.34,226.28,235.28,141773,3324148384.0
2021-07-20,235.78,258.28,235.28,255.9,110390,2775450752.0
2021-07-21,261.14,271.66,257.78,269.69,97085,2622212048.0
2021-07-22,270.36,274.46,256.28,264.78,93573,2483809440.0
2021-07-23,262.11,262.57,248.89,257.96,70412,1819915152.0
2021-07-26,252.61,259.95,243.78,257.25,72126,1834495728.0
2021-07-27,254.74,262.64,240.93,242.78,73128,1874481232.0
2021-07-28,242.79,257.28,238.13,253.77,98788,2494738880.0
2021-07-29,263.76,266.16,243.64,261.11,115793,2971455136.0
2021-07-30,257.78,265.57,238.16,245.83,118315,2991807456.0
2021-08-02,251.78,259.46,235.83,249.78,121059,3026438912.0
2021-08-03,254.79,259.78,243.44,253.73,80336,2040904080.0
2021-08-04,247.78,279.33,246.78,279.33,71475,1961882112.0
2021-08-05,278.79,294.61,277.78,288.66,120372,3479146016.0
2021-08-06,290.78,305.96,283.08,287.8,108205,3217278480.0
2021-08-09,285.79,287.77,270.59,284.98,85136,2400013088.0
2021-08-10,284.67,285.67,256.26,257.95,126530,3389999568.0
2021-08-11,264.78,266.58,251.79,261.78,103193,2712279840.0
2021-08-12,261.68,265.78,254.28,257.04,74692,1956147056.0
2021-08-13,259.73,277.57,253.78,256.78,84938,2253808336.0
2021-08-16,247.79,250.78,235.86,239.22,138384,3356006704.0
2021-08-17,235.78,240.78,228.58,232.77,117149,2768989184.0
2021-08-18,235.78,244.78,234.78,239.68,69774,1683990592.0
2021-08-19,242.27,259.17,239.79,256.08,95865,2434823552.0
2021-08-20,255.28,268.76,251.38,253.78,79737,2081493744.0
2021-08-23,254.79,268.33,244.43,263.54,80183,2072443648.0
2021-08-24,261.77,279.5,256.79,275.78,74283,2030651792.0
2021-08-25,275.0,275.78,260.88,273.88,78556,2124555696.0
2021-08-26,274.78,284.72,269.19,281.41,79395,2232383824.0
2021-08-27,275.39,281.38,266.11,276.78,67013,1846821408.0
2021-08-30,276.78,296.07,270.11,282.78,80421,2307180960.0
2021-08-31,283.78,284.28,272.58,280.18,53420,1495881488.0
2021-09-01,283.61,284.18,256.79,271.27,93985,2532606752.0
2021-09-02,267.78,277.78,264.09,267.58,74042,2015432064.0
2021-09-03,268.18,268.77,247.78,254.27,101200,2600761072.0
2021-09-06,251.06,267.37,248.89,266.2,66721,1765062032.0
2021-09-07,270.58,285.58,260.98,283.57,90283,2543692368.0
2021-09-08,283.17,283.48,271.78,275.78,71437,1996298896.0
2021-09-09,279.65,288.78,269.16,277.28,78337,2194135840.0
2021-09-10,274.77,283.78,270.78,278.79,45998,1293342384.0
2021-09-13,285.02,294.58,279.78,287.85,62236,1800444416.0
2021-09-14,289.78,316.78,287.48,307.86,97387,3004911392.0
2021-09-15,309.94,312.78,296.58,298.51,70246,2135587920.0
2021-09-16,299.26,301.08,286.48,290.72,58712,1738563808.0
2021-09-17,290.78,308.58,287.78,303.78,52395,1586973408.0
2021-09-22,302.78,304.78,291.53,298.58,36106,1089033568.0
2021-09-23,295.78,302.78,292.78,295.25,38559,1153093376.0
2021-09-24,296.29,301.58,282.78,294.78,51987,1535852048.0
2021-09-27,295.28,302.65,284.29,296.45,61144,1812652656.0
2021-09-28,294.33,298.73,266.58,266.58,101325,2815648672.0
2021-09-29,262.78,273.33,256.11,262.58,71966,1921963744.0
2021-09-30,265.2,282.55,260.78,277.9,75618,2098743184.0
2021-10-08,281.78,283.58,249.89,249.89,100954,2613939232.0
2021-10-11,250.98,260.93,239.78,251.78,113287,2882610880.0
2021-10-12,250.78,252.99,237.78,242.81,88725,2180799264.0
2021-10-13,244.78,263.58,244.78,261.88,71602,1853454080.0
2021-10-14,260.67,268.78,256.78,262.58,49756,1319820368.0
2021-10-15,264.6,280.36,254.94,276.28,85655,2344438416.0
2021-10-18,278.59,285.58,270.83,284.78,79701,2237729648.0
2021-10-19,284.78,296.43,283.17,290.28,65281,1903664624.0
2021-10-20,290.28,311.51,288.39,306.73,84221,2593463920.0
2021-10-21,307.58,308.2,293.09,296.78,63574,1910552816.0
2021-10-22,297.09,301.08,289.39,297.78,45544,1356982640.0
2021-10-25,296.78,306.66,295.32,301.28,54455,1654362976.0
2021-10-26,309.78,310.43,278.57,285.7,138416,4004881488.0
2021-10-27,282.78,297.96,278.78,294.78,86466,2540942048.0
2021-10-28,294.78,299.44,282.43,286.38,72970,2131674048.0
2021-10-29,290.62,293.48,280.78,289.52,82802,2403357056.0
2021-11-01,291.78,294.56,280.03,285.87,66182,1909759744.0
2021-11-02,283.78,288.28,275.36,281.06,83439,2350362704.0
2021-11-03,280.82,285.53,276.23,284.78,48996,1390274208.0
2021-11-04,286.91,299.38,283.01,290.0,70948,2086226304.0
2021-11-05,286.71,286.78,264.44,266.1,119244,3262524976.0
2021-11-08,263.58,272.13,261.46,267.5,88375,2371616592.0
2021-11-09,267.64,275.37,262.94,268.09,65993,1781718992.0
2021-11-10,266.6,267.77,250.57,262.18,110492,2859090256.0
2021-11-11,272.76,276.44,265.17,266.27,85306,2328522944.0
2021-11-12,266.27,274.64,263.29,271.88,65487,1784357056.0
2021-11-15,270.08,271.04,255.07,259.16,74805,1955778336.0
2021-11-16,257.98,269.78,252.78,265.66,66265,1762735696.0
2021-11-17,265.3,272.47,262.41,265.77,65707,1767365552.0
2021-11-18,267.78,269.78,261.48,264.24,51042,1365398064.0
2021-11-19,265.75,271.34,253.43,256.78,86771,2264396192.0
2021-11-22,257.79,270.55,257.79,267.78,99728,2666665600.0
2021-11-23,266.78,266.78,250.28,263.69,116199,3028231904.0
2021-11-24,262.76,262.78,251.43,252.63,92047,2360000960.0
2021-11-25,252.79,259.66,251.89,255.78,59661,1539268864.0
2021-11-26,256.95,265.68,255.12,263.38,69894,1850386064.0
2021-11-29,258.78,270.37,258.78,267.76,78047,2097896336.0
2021-11-30,248.78,255.77,240.98,251.98,232616,5841292544.0
2021-12-01,250.77,255.77,243.62,247.58,99585,2488557616.0
2021-12-02,249.78,255.48,245.88,247.96,88978,2251229280.0
2021-12-03,247.81,249.28,241.79,248.23,81616,2019311088.0
2021-12-06,244.78,247.28,235.18,235.98,121327,2933920912.0
2021-12-07,236.19,240.22,230.1,237.72,93397,2212021760.0
2021-12-08,238.28,259.38,238.28,251.88,148738,3768839056.0
2021-12-09,252.58,264.18,249.32,263.94,145160,3819284208.0
2021-12-10,262.8,263.78,255.28,262.78,89788,2359534336.0
2021-12-13,262.28,264.78,251.94,257.93,89278,2322484416.0
2021-12-14,257.56,260.34,253.2,255.78,52173,1342879376.0
2021-12-15,253.79,259.53,253.79,255.98,46962,1211994976.0
2021-12-16,255.78,258.28,252.78,255.78,46848,1207903584.0
2021-12-17,253.75,254.57,243.82,244.45,81730,2033701776.0
2021-12-20,246.78,250.26,236.14,240.14,83206,2015657568.0
2021-12-21,241.73,242.78,225.54,232.93,117399,2739407536.0
2021-12-22,234.32,245.06,234.27,243.78,75664,1844419296.0
2021-12-23,239.83,243.78,235.08,237.45,56423,1356542128.0
2021-12-24,237.58,240.45,225.44,233.73,79960,1867593344.0
2021-12-27,231.78,243.44,231.37,241.27,78752,1906107760.0
2021-12-28,240.27,249.95,235.44,249.28,82807,2040941312.0
2021-12-29,248.15,255.55,245.36,249.28,69179,1748117056.0
2021-12-30,249.28,254.14,246.86,252.67,52154,1325756208.0
2021-12-31,256.66,257.28,246.66,248.18,59216,1492206864.0
2022-01-04,251.88,257.33,246.59,252.31,81560,2068300432.0
2022-01-05,248.83,253.28,235.78,237.28,99439,2433711216.0
2022-01-06,238.82,238.82,225.28,230.86,91025,2111894880.0
2022-01-07,230.78,232.7,219.34,223.68,81454,1852447680.0
2022-01-10,222.78,233.16,220.0,228.78,67554,1548721904.0
2022-01-11,240.17,248.06,233.17,235.74,123026,2987307008.0
2022-01-12,244.77,253.11,244.3,248.7,111358,2791864800.0
2022-01-13,251.78,254.94,241.8,249.73,71870,1810076304.0
2022-01-14,246.9,258.78,243.78,255.08,61857,1591796672.0
2022-01-17,259.78,276.55,259.78,274.27,100100,2744099648.0
2022-01-18,275.78,276.18,264.95,270.27,59772,1627168432.0
2022-01-19,272.78,277.96,256.35,263.43,72847,1931428208.0
2022-01-20,264.58,279.06,263.83,268.98,89312,2447119168.0
2022-01-21,268.98,273.08,262.89,265.78,48625,1310616320.0
2022-01-24,263.33,267.78,255.8,265.06,52975,1405748272.0
2022-01-25,266.69,268.52,258.86,258.93,36257,958787040.0
2022-01-26,261.78,264.57,256.58,262.37,34145,899857696.0
2022-01-27,261.78,265.88,256.64,256.78,45179,1187377520.0
2022-01-28,259.84,262.06,248.78,251.87,51133,1313626688.0
2022-02-07,259.78,266.58,253.83,255.65,42797,1115762848.0
2022-02-08,253.89,255.58,235.08,238.66,99991,2428301920.0
2022-02-09,240.68,241.68,226.29,237.28,89312,2113634960.0
2022-02-10,238.8,239.78,220.79,224.28,116526,2649888768.0
2022-02-11,222.78,232.45,220.26,222.76,80097,1833040144.0
2022-02-14,219.81,233.17,217.81,225.14,81705,1868052560.0
2022-02-15,227.78,241.55,223.82,239.78,85363,2030808992.0
2022-02-16,239.78,246.49,237.28,242.18,48326,1183434464.0
2022-02-17,242.18,250.73,235.9,246.66,53971,1336015600.0
2022-02-18,243.23,250.67,241.06,247.97,36214,904379200.0
2022-02-21,247.78,249.78,241.41,243.82,37566,923916432.0
2022-02-22,244.31,244.78,239.0,243.72,39527,962109744.0
2022-02-23,244.72,256.07,243.73,251.76,57441,1451771216.0
2022-02-24,248.18,255.11,247.78,251.53,58012,1475811072.0
2022-02-25,253.78,264.29,253.66,259.78,67625,1770396352.0
2022-02-28,259.46,260.64,247.88,257.78,70649,1818754576.0
2022-03-01,260.88,261.55,249.18,250.38,79483,2029224624.0
2022-03-02,248.88,251.16,237.0,239.1,63210,1535952336.0
2022-03-03,238.79,241.05,233.78,234.0,47748,1139546048.0
2022-03-04,230.14,235.53,221.83,223.45,108523,2478705696.0
2022-03-07,221.97,222.5,211.58,213.82,94983,2077280960.0
2022-03-08,216.08,218.55,203.98,209.28,117003,2489859488.0
2022-03-09,208.63,218.84,204.35,215.95,105184,2263015664.0
2022-03-10,224.67,233.28,220.81,227.77,125663,2892063472.0
2022-03-11,224.66,225.77,213.9,222.61,96118,2130398048.0
2022-03-14,219.78,230.66,214.9,221.07,107502,2426363696.0
2022-03-15,221.08,230.28,215.79,220.78,107887,2435346832.0
2022-03-16,225.79,233.79,216.2,232.3,143332,3275278592.0
2022-03-17,236.78,249.77,236.78,245.32,120634,2970290240.0
2022-03-18,240.37,240.48,226.78,233.28,95255,2235360256.0
2022-03-21,233.78,238.14,228.06,232.68,75127,1761328288.0
2022-03-22,231.83,232.78,226.16,227.78,51008,1176948032.0
2022-03-23,229.78,234.78,222.88,225.67,82292,1891765344.0
2022-03-24,223.78,226.58,214.93,223.78,70232,1566924240.0
2022-03-25,223.46,223.46,209.8,210.89,96531,2084867408.0
2022-03-28,212.51,213.1,200.58,203.53,92879,1920095792.0
2022-03-29,203.78,209.19,203.38,207.28,58249,1215974160.0
2022-03-30,210.78,220.14,209.78,220.14,87818,1929529808.0
2022-03-31,219.78,219.78,214.28,217.78,53497,1172306768.0
2022-04-01,217.78,225.55,215.28,221.88,51154,1141296400.0
2022-04-06,220.78,222.68,212.34,214.29,47584,1032397184.0
2022-04-07,213.78,216.66,209.78,213.91,44840,966252768.0
2022-04-08,214.78,217.58,207.88,210.78,43799,936991584.0
2022-04-11,207.15,207.15,195.83,198.8,111367,2246930272.0
2022-04-12,195.98,203.76,195.98,199.33,87163,1755983472.0
2022-04-13,198.17,199.99,191.79,194.03,74310,1473346464.0
2022-04-14,196.37,199.11,186.81,189.62,82221,1583088624.0
2022-04-15,187.78,189.78,180.35,188.28,112067,2094335664.0
2022-04-18,189.28,193.55,180.02,189.73,81197,1547359856.0
2022-04-19,192.87,195.58,189.57,190.48,65288,1268182752.0
2022-04-20,193.33,193.33,181.44,185.78,93525,1750728784.0
2022-04-21,185.78,191.55,181.34,183.62,72519,1359805472.0
2022-04-22,183.27,183.34,178.89,180.48,60590,1109656432.0
2022-04-25,175.78,178.78,169.01,169.38,100312,1760546320.0
2022-04-26,171.08,171.68,162.78,164.18,63627,1080252480.0
2022-04-27,160.85,180.82,159.78,180.82,108347,1891391424.0
2022-04-28,180.35,191.55,177.28,187.66,109436,2070938528.0
2022-04-29,187.78,205.05,180.79,200.73,114981,2250215696.0
2022-05-05,202.78,202.78,191.22,198.03,80467,1609511408.0
2022-05-06,192.98,199.54,191.91,194.93,43852,869634480.0
2022-05-09,192.78,196.54,188.43,189.81,37944,735648064.0
2022-05-10,189.77,198.88,185.15,198.32,99945,1962193056.0
2022-05-11,200.28,217.58,194.38,213.84,114437,2429532736.0
2022-05-12,210.3,213.64,205.82,209.51,46122,977676816.0
2022-05-13,211.37,214.9,207.94,213.78,45152,968615280.0
2022-05-16,216.88,220.08,207.11,207.38,50530,1073682912.0
2022-05-17,207.08,220.08,207.08,218.19,70193,1527801248.0
2022-05-18,217.08,219.9,214.46,215.74,36328,793066464.0
2022-05-19,213.08,218.88,211.52,217.18,33649,731582000.0
2022-05-20,219.37,222.76,216.08,220.76,59077,1309467184.0
2022-05-23,219.31,220.57,212.52,213.64,44337,961142704.0
2022-05-24,212.74,213.46,205.2,206.14,44918,945750384.0
2022-05-25,206.08,209.88,203.86,205.48,37773,785561568.0
2022-05-26,205.78,210.58,200.28,204.88,37668,781388832.0
2022-05-27,206.72,214.94,206.72,209.91,40608,867210800.0
2022-05-30,212.08,216.08,211.1,215.06,44201,955538176.0
2022-05-31,213.42,216.68,211.38,215.84,30629,663185408.0
2022-06-01,215.08,222.93,211.38,218.08,45789,1006267328.0
2022-06-02,217.99,229.54,215.68,222.81,59324,1337801488.0
2022-06-06,224.38,239.08,222.15,232.49,79616,1865914816.0
2022-06-07,234.82,235.08,227.78,233.71,42694,996175872.0
2022-06-08,233.71,241.08,227.84,233.9,49045,1156414320.0
2022-06-09,231.57,233.85,225.78,228.84,31558,726670592.0
2022-06-10,229.14,236.74,226.69,229.18,73685,1711902672.0
2022-06-13,228.02,232.58,225.96,230.08,65107,1507146096.0
2022-06-14,227.08,229.58,221.35,228.27,46849,1068687008.0
2022-06-15,229.58,234.84,217.13,223.87,83020,1874958224.0
2022-06-16,224.08,233.97,223.88,227.58,65194,1504011728.0
2022-06-17,227.28,240.08,223.65,237.98,129717,3068967184.0
2022-06-20,242.08,251.38,239.55,240.23,113698,2817610736.0
2022-06-21,243.08,251.96,238.08,247.07,81131,2012174736.0
2022-06-22,245.55,257.58,243.08,252.13,64736,1641361040.0
2022-06-23,252.13,262.78,249.36,261.35,66269,1714206400.0
2022-06-24,263.07,264.5,255.08,259.95,45153,1183106240.0
2022-06-27,262.4,263.08,254.09,256.16,50418,1302587376.0
2022-06-28,256.13,260.58,253.37,256.55,54642,1413597488.0
2022-06-29,255.79,260.58,248.91,250.3,57292,1460409632.0
2022-06-30,249.67,253.08,241.64,248.53,64514,1604906576.0
2022-07-01,247.4,249.76,243.59,244.58,39591,982752000.0
2022-07-04,244.59,252.78,239.88,250.02,57931,1442152944.0
2022-07-05,253.63,260.28,248.18,254.15,55507,1416622128.0
2022-07-06,253.08,259.28,247.64,251.78,70781,1803139424.0
2022-07-07,253.88,254.88,247.38,249.6,66174,1667543584.0
2022-07-08,251.04,251.18,234.88,240.0,109470,2644291728.0
2022-07-11,237.08,237.85,227.1,230.03,87380,2026121296.0
2022-07-12,232.62,234.08,223.76,228.08,61920,1424916618.03
2022-07-13,228.18,232.68,218.89,227.16,79167,1789301499.74
2022-07-14,227.68,239.65,225.53,237.08,66887,1591044893.4
2022-07-15,239.58,240.19,234.27,235.08,46288,1105477307.32
2022-07-18,236.08,236.7,222.08,227.88,102322,2350531140.95
2022-07-19,231.08,231.08,221.03,223.31,75051,1691547542.72
2022-07-20,224.38,224.94,219.08,220.24,62988,1404452165.31
2022-07-21,220.08,222.46,214.96,215.08,51424,1129666772.26
2022-07-22,217.21,217.58,213.15,214.76,44681,968124297.27
2022-07-25,215.34,220.7,213.58,217.09,66389,1458768000.0
2022-07-26,217.1,225.88,216.09,223.01,62319,1399693832.25
2022-07-27,222.11,222.98,215.13,221.55,54651,1207604677.68
2022-07-28,222.08,222.58,212.69,215.05,68444,1490796581.05
2022-07-29,214.18,217.44,210.08,212.06,51098,1097499568.52
2022-08-01,210.87,222.41,207.08,221.15,74021,1622319301.41
2022-08-02,218.96,226.43,215.9,221.08,62173,1391670973.04
2022-08-03,223.06,225.06,216.12,217.74,43445,966043342.22
2022-08-04,217.08,218.88,210.03,211.58,57214,1228872092.54
2022-08-05,211.63,215.91,210.26,213.63,32453,695597343.63
2022-08-08,212.09,212.88,208.58,211.09,61245,1300827513.96
2022-08-09,211.11,215.58,209.88,210.99,42492,909311448.5
2022-08-10,211.88,212.53,206.11,206.74,49758,1044061750.44
2022-08-11,208.16,211.58,202.08,211.47,71953,1508345330.88
2022-08-12,211.08,213.08,209.09,211.0,44026,937892487.68
2022-08-15,210.08,221.69,209.36,213.88,58455,1270332166.92
2022-08-16,214.48,225.91,214.47,221.08,75329,1687717245.68
2022-08-17,221.08,221.1,215.58,217.06,57823,1269672010.68
2022-08-18,216.9,216.9,203.77,204.95,116179,2432028636.61
2022-08-19,206.98,207.08,195.11,195.98,147528,2954096174.6
2022-08-22,198.08,204.38,195.75,203.83,85775,1745241663.32
2022-08-23,204.08,205.51,199.58,204.68,63397,1298439106.62
2022-08-24,204.68,205.76,199.26,199.88,45326,923324437.39
2022-08-25,200.03,201.88,196.08,199.83,34765,697181509.81
2022-08-26,199.83,201.93,197.34,198.09,36866,739327585.98
2022-08-29,196.58,197.56,191.58,194.07,56272,1100859531.61
2022-08-30,193.08,195.38,189.87,191.88,45022,872018767.71
2022-08-31,191.63,195.67,190.06,191.08,66316,1290123462.22
2022-09-01,191.74,197.57,190.08,192.26,52218,1022555375.81
2022-09-02,195.13,196.85,186.64,188.08,54025,1034077027.9
2022-09-05,187.51,190.13,185.66,187.49,33524,633918793.37
2022-09-06,189.07,189.08,179.21,187.4,77576,1441366111.33
2022-09-07,185.38,194.05,184.58,190.98,58889,1136008381.05
2022-09-08,192.09,192.09,183.27,183.3,59549,1120431380.13
2022-09-09,185.52,186.57,181.25,186.28,51135,950777525.15
2022-09-13,186.42,187.08,183.39,185.83,40928,763569233.61
2022-09-14,183.83,185.07,179.19,179.86,52020,949821838.55
2022-09-15,180.25,184.07,174.8,176.1,65208,1169508985.94
2022-09-16,174.99,178.38,172.41,174.26,48811,864917947.89
2022-09-19,174.42,177.95,172.57,175.88,43717,777732383.98
2022-09-20,177.59,183.26,173.09,180.0,60199,1095783349.43
2022-09-21,179.38,179.93,176.1,177.08,48294,866723444.63
2022-09-22,176.35,177.79,173.58,174.71,30760,545645977.77
2022-09-23,177.08,178.96,173.28,176.74,39293,698493436.45
2022-09-26,176.68,187.83,174.58,184.39,74243,1381198773.93
2022-09-27,184.82,186.58,182.1,185.09,45345,843463439.31
2022-09-28,184.22,185.53,176.28,177.22,47747,865575610.39
2022-09-29,180.38,183.58,177.26,181.53,43170,790148154.61
2022-09-30,180.17,181.48,172.06,172.2,69700,1228797513.78
2022-10-10,168.2,170.58,164.58,165.52,54783,927071503.09
2022-10-11,167.56,175.58,164.88,172.29,57307,996325188.65
2022-10-12,171.33,174.66,165.38,174.66,52170,900167326.32
2022-10-13,173.88,178.21,172.4,174.58,48818,865476369.47
2022-10-14,177.58,177.58,169.14,173.84,64869,1129392873.51
2022-10-17,172.88,172.88,166.21,170.68,74848,1283825254.06
2022-10-18,172.32,175.32,169.56,171.98,50570,883224894.07
2022-10-19,171.98,176.79,170.08,170.78,53571,941968356.2
2022-10-20,168.98,169.76,159.74,161.73,118690,1945706571.47
2022-10-21,161.59,163.01,158.59,158.59,69227,1121890598.74
2022-10-24,159.39,159.58,153.06,154.08,85779,1346852830.66
2022-10-25,153.08,158.76,152.38,157.43,66962,1057250046.9
2022-10-26,157.08,160.2,155.29,156.88,60614,966061252.03
2022-10-27,157.07,160.41,150.47,151.5,64761,1013067198.19
2022-10-28,149.08,151.26,146.4,147.08,71091,1068612837.09
2022-10-31,143.11,150.44,142.59,146.12,81208,1204823010.66
2022-11-01,146.22,154.93,145.97,154.93,73479,1129869619.82
2022-11-02,154.93,161.31,153.88,161.07,61819,991779080.97
2022-11-03,160.08,160.08,155.88,156.28,41457,660110848.68
2022-11-04,157.68,171.06,156.66,168.28,86629,1454289414.11
2022-11-07,170.97,176.58,169.28,173.06,73372,1284920395.99
2022-11-08,173.08,180.88,170.11,172.63,71327,1257900910.88
2022-11-09,173.58,173.98,166.09,166.19,46367,791038058.94
2022-11-10,164.56,166.56,158.08,160.93,64277,1043323992.69
2022-11-11,168.08,168.63,162.68,163.88,37258,619686437.06
2022-11-14,163.18,165.99,157.08,158.08,54690,885989494.49
2022-11-15,158.31,162.39,155.37,161.39,48757,787721682.3
2022-11-16,163.08,163.18,156.09,156.89,58492,938537089.92
2022-11-17,156.85,156.94,150.73,153.08,66397,1023106923.63
2022-11-18,153.08,155.08,149.96,151.79,46009,711934574.89
2022-11-21,150.91,157.2,149.17,153.82,39596,616199708.86
2022-11-22,138.25,138.25,138.25,138.25,10061,141025037.0
2022-11-23,124.23,130.08,124.23,128.44,489802,6238429107.52
2022-11-24,128.89,135.33,127.69,132.36,246064,3285266305.7
2022-11-25,132.01,132.01,125.19,126.67,133033,1729153193.43
2022-11-28,124.08,128.2,121.59,127.38,93693,1198473346.69
2022-11-29,125.27,127.45,120.25,120.63,200451,2482386431.81
2022-11-30,120.63,125.07,119.26,122.5,114985,1429723370.42
2022-12-01,128.08,134.38,126.2,128.25,174908,2313363884.77
2022-12-02,128.18,134.41,127.28,131.48,118899,1591659999.82
2022-12-05,131.81,133.07,127.96,128.86,75194,985344853.51
2022-12-06,128.89,137.84,127.96,133.54,128710,1744409235.1
2022-12-07,131.97,141.97,131.97,137.08,201597,2834434426.66
2022-12-08,135.97,139.08,134.36,137.38,76428,1064349312.21
2022-12-09,138.08,140.18,136.38,138.03,72211,1010021925.85
2022-12-12,137.37,138.58,135.82,137.41,50524,703034589.71
2022-12-13,137.17,137.88,133.28,135.08,45625,624060158.08
2022-12-14,135.43,136.83,133.51,133.92,31925,435095381.67
2022-12-15,133.91,138.23,131.1,137.33,95720,1312051757.84
2022-12-16,137.08,139.56,132.88,134.08,42783,584258960.61
2022-12-19,134.08,140.01,133.61,137.58,79636,1112460438.36
2022-12-20,138.08,138.88,134.3,135.88,66742,921355479.32
2022-12-21,135.84,139.08,134.3,135.29,45219,627545780.78
2022-12-22,135.68,136.52,131.88,132.54,37093,501586663.21
2022-12-23,130.74,132.86,128.44,130.21,40038,528562083.02
2022-12-26,130.21,138.74,128.59,138.06,68702,948551664.21
2022-12-27,138.18,138.98,135.38,137.79,42522,591806779.58
2022-12-28,136.68,137.66,130.74,134.07,63058,852672188.26
2022-12-29,134.22,137.39,131.21,132.21,53685,725726900.37
2022-12-30,134.09,135.55,129.26,129.37,69641,926630350.38
2023-01-03,129.08,131.01,126.08,128.27,73106,953555810.87
2023-01-04,127.49,128.15,123.08,123.68,80260,1015385831.89
2023-01-05,124.27,136.24,122.78,136.24,150798,2022694868.33
2023-01-06,136.23,146.26,135.08,141.98,162353,2331450576.29
2023-01-09,142.67,148.04,140.81,144.94,99199,1460249789.42
2023-01-10,143.78,149.36,142.17,147.08,110093,1630627981.27
2023-01-11,147.85,152.96,146.2,148.88,99439,1511987030.57
2023-01-12,150.76,156.18,148.37,155.1,129529,2010926298.36
2023-01-13,159.85,161.56,147.63,149.39,167856,2578841324.11
2023-01-16,149.39,151.1,146.8,149.68,83061,1252749866.04
2023-01-17,149.58,153.66,147.95,152.08,55251,850928994.06
2023-01-18,153.58,155.74,151.82,152.08,39982,618437918.84
2023-01-19,152.77,152.84,148.21,150.37,77725,1179296673.08
2023-01-20,150.58,150.58,142.81,148.01,124128,1843572020.51
2023-01-30,157.38,163.0,156.08,160.21,160262,2610949442.09
2023-01-31,159.9,160.08,153.27,153.97,118090,1854088045.39
2023-02-01,153.08,157.88,151.46,151.83,87926,1363420098.89
2023-02-02,152.96,154.38,150.45,151.38,64452,990876110.37
2023-02-03,150.58,151.08,146.24,148.51,61529,924509161.89
2023-02-06,146.68,147.01,142.08,144.07,92115,1338969717.77
2023-02-07,144.71,146.58,139.08,139.96,95878,1368938351.55
2023-02-08,139.96,141.08,138.08,139.5,63696,900951571.08
2023-02-09,139.58,139.59,136.93,139.01,80985,1134815881.42
2023-02-10,138.08,138.76,136.58,137.33,47818,666938958.05
2023-02-13,137.08,138.55,135.65,137.56,70121,976247623.12
2023-02-14,139.08,139.58,133.95,136.13,82032,1130171638.54
2023-02-15,136.17,139.08,134.75,135.28,75068,1040030029.32
2023-02-16,135.32,137.41,132.73,133.61,77854,1065593599.27
2023-02-17,132.79,133.14,129.54,129.63,90292,1198111072.82
2023-02-20,129.08,132.39,127.8,132.15,75991,1000863029.14
2023-02-21,131.87,131.87,126.55,127.49,123935,1616747408.59
2023-02-22,126.07,128.88,125.76,126.92,64384,831584298.95
2023-02-23,126.2,128.51,126.2,127.2,49108,635169219.43
2023-02-24,127.08,127.39,124.32,124.88,61158,778912826.38
2023-02-27,124.08,124.46,122.08,122.68,81242,1015537263.47
2023-02-28,123.07,124.46,121.66,123.74,94000,1172073808.26
2023-03-01,123.08,123.23,120.71,121.55,93772,1156021455.1
2023-03-02,121.31,121.31,116.59,117.89,152447,1833133237.62
2023-03-03,117.78,118.38,115.13,115.39,101104,1197645001.58
2023-03-06,115.08,115.2,110.29,114.97,201825,2316289207.21
2023-03-07,114.14,114.43,112.0,112.58,96045,1103825906.54
2023-03-08,111.78,113.13,110.39,110.95,83072,939639329.02
2023-03-09,110.8,113.58,110.47,112.08,96328,1098676622.55
2023-03-10,111.09,111.23,108.38,109.38,101814,1136598263.94
2023-03-13,108.29,109.54,107.44,108.18,71230,784749772.26
2023-03-14,107.78,109.33,104.8,107.5,99332,1078045391.77
2023-03-15,107.49,109.18,105.97,105.98,76433,833670888.15
2023-03-16,105.2,106.58,103.91,104.15,66891,713703774.96
2023-03-17,105.08,105.28,102.49,102.61,84907,896204853.64
2023-03-20,102.61,103.88,100.78,102.77,89617,933381139.21
2023-03-21,102.77,106.14,101.5,106.13,137154,1455443306.06
2023-03-22,106.08,109.44,105.58,108.1,164107,1803814536.61
2023-03-23,107.08,108.53,105.95,106.92,75754,824701885.57
2023-03-24,106.77,109.01,105.38,108.57,87047,955020597.85
2023-03-27,108.06,108.86,105.49,107.78,101083,1104670906.36
2023-03-28,107.41,107.96,105.57,105.67,57520,622936819.78
2023-03-29,105.28,115.07,105.27,110.68,201949,2292118455.98
2023-03-30,109.58,113.08,108.41,112.48,128915,1459856535.88
2023-03-31,112.28,116.14,111.63,111.9,116785,1349096728.86
2023-04-03,111.56,113.76,110.33,112.0,91907,1048330883.15
2023-04-04,111.62,112.01,108.08,110.14,103595,1155516872.36
2023-04-06,109.53,110.41,108.1,109.38,58789,652111697.98
2023-04-07,109.38,112.36,108.68,109.91,59957,674581574.91
2023-04-10,110.39,117.33,109.74,116.08,160973,1864249254.51
2023-04-11,119.18,122.13,116.68,118.28,186270,2257281416.5
2023-04-12,116.99,116.99,112.9,113.65,107089,1244261268.93
2023-04-13,112.74,114.3,111.6,113.24,47717,547347101.82
2023-04-14,113.23,117.91,112.74,114.59,109862,1288928814.8
2023-04-17,114.55,116.5,112.93,113.28,76731,889765268.74
2023-04-18,112.29,117.88,111.78,116.28,107697,1268471360.18
2023-04-19,115.93,116.14,112.43,112.63,78633,907472832.0
2023-04-20,112.3,112.3,107.52,107.99,89964,994633159.16
2023-04-21,109.36,110.29,105.61,105.94,62366,684483381.48
2023-04-24,105.14,106.52,102.63,103.86,59201,627958195.68
2023-04-25,103.73,104.08,95.68,98.79,147293,1481256824.75
2023-04-26,98.58,106.46,98.08,104.59,105828,1110659837.06
2023-04-27,103.03,110.35,103.03,107.61,135481,1493072561.52
2023-04-28,106.44,107.34,101.76,102.18,103658,1093788544.26
2023-05-04,101.16,103.95,99.5,100.08,73876,762303780.68
2023-05-05,100.58,101.74,98.95,99.61,67293,687837535.43
2023-05-08,99.85,102.55,98.84,101.08,56954,582954575.03
2023-05-09,100.22,103.58,98.3,98.38,62891,637504589.81
2023-05-10,98.38,101.86,96.78,99.93,84476,855307701.29
2023-05-11,99.39,104.1,98.07,102.19,90951,943425597.92
2023-05-12,102.19,103.6,100.69,100.83,53460,553277252.22
2023-05-15,100.84,107.85,100.83,105.14,117877,1268891532.96
2023-05-16,105.28,105.75,103.88,105.0,62037,661152616.3
2023-05-17,105.46,105.98,102.67,103.94,60952,643272854.69
2023-05-18,104.08,104.08,100.66,102.08,55988,579846180.73
2023-05-19,101.69,104.07,100.8,102.02,44600,465316730.97
2023-05-22,101.43,103.28,100.78,101.27,37158,383707063.3
2023-05-23,100.87,104.47,100.28,100.9,80972,839497933.42
2023-05-24,100.9,100.9,97.67,98.11,83940,844508671.29
2023-05-25,97.29,97.64,95.28,95.59,89694,880214338.1
2023-05-26,96.58,97.98,91.48,93.32,189530,1824651856.52
2023-05-29,92.41,93.18,89.23,90.08,130847,1206626167.58
2023-05-30,89.72,90.86,88.3,89.67,87222,796489653.94
2023-05-31,89.73,90.17,88.35,89.0,69279,629742860.21
2023-06-01,89.08,91.86,88.39,89.66,74877,691237786.64
2023-06-02,89.98,92.98,89.31,92.0,89980,840309021.21
2023-06-05,91.58,92.76,88.78,92.26,83330,776343610.81
2023-06-06,91.55,93.08,90.6,91.83,51240,480949104.14
2023-06-07,92.08,92.56,88.98,89.78,81730,750090407.58
2023-06-08,89.83,91.35,88.99,89.18,56126,515539987.89
2023-06-09,89.93,94.06,89.61,90.46,96080,894381265.69
2023-06-12,90.08,91.44,88.49,90.68,65418,600893172.33
2023-06-13,90.08,91.33,89.28,89.38,46098,423124118.28
2023-06-14,89.38,89.83,88.45,88.63,47353,429986678.38
2023-06-15,88.63,94.95,88.63,93.72,160628,1513945895.36
2023-06-16,94.92,95.38,93.3,93.91,91082,876475566.77
2023-06-19,93.39,94.22,90.08,90.33,102206,954091927.91
2023-06-20,90.73,91.83,89.47,89.79,79518,733073447.23
2023-06-21,90.55,94.38,88.16,88.41,169530,1571536145.34
2023-06-26,88.12,96.88,87.6,95.35,249164,2371040270.75
2023-06-27,94.47,94.87,92.81,93.78,104889,1002193766.5
2023-06-28,93.8,99.43,93.06,96.94,193355,1923866064.58
2023-06-29,96.69,98.46,95.45,96.58,90553,893540663.09
2023-06-30,96.26,96.28,93.13,94.43,113548,1098217673.45
2023-07-03,94.45,96.58,94.29,94.79,84767,822835071.58
2023-07-04,95.08,95.08,92.83,94.23,76166,730172656.75
2023-07-05,93.95,93.95,91.96,92.17,89122,843394478.44
2023-07-06,91.58,91.96,89.7,91.1,69606,644858773.52
2023-07-07,90.56,90.98,89.76,89.88,38449,354318260.62
2023-07-10,89.92,93.56,89.92,92.41,81567,769067292.39
2023-07-11,91.95,92.55,90.63,91.64,53558,499627656.25
2023-07-12,91.64,93.36,90.66,91.95,50220,471541536.38
2023-07-13,92.2,94.6,92.2,94.0,75976,725728259.25
2023-07-14,94.28,94.36,90.88,93.08,114683,1077295376.02
2023-07-17,91.58,92.23,90.64,91.06,39945,372582800.45
2023-07-18,91.38,92.18,90.09,90.45,49100,456079920.17
2023-07-19,90.56,90.68,89.46,89.97,38006,348418429.78
2023-07-20,90.36,91.95,89.81,90.18,55021,509679661.59
2023-07-21,89.78,90.58,87.78,90.38,46542,425314892.55
2023-07-24,90.38,90.42,88.11,88.93,50900,461549227.24
2023-07-25,89.56,91.88,89.56,91.11,64399,596842705.93
2023-07-26,91.09,91.57,90.27,90.58,34306,317613412.42
2023-07-27,90.98,93.68,90.9,92.36,85425,806806112.53
2023-07-28,91.58,94.11,90.96,93.87,75809,719742573.1
2023-07-31,93.88,95.96,93.55,94.58,68710,663689439.74
2023-08-01,94.08,95.93,93.93,94.3,56672,548243921.13
2023-08-02,94.27,96.31,93.99,94.68,54812,531810932.23
2023-08-03,94.09,96.33,93.58,95.94,55233,536475420.78
2023-08-04,95.94,97.18,94.9,95.36,49716,485801126.44
2023-08-07,94.65,95.96,93.65,94.37,40592,391350869.17
2023-08-08,94.55,96.28,94.08,95.27,40185,390853185.28
2023-08-09,94.69,96.55,94.6,95.24,41441,404294041.24
2023-08-10,95.24,96.76,94.95,96.0,39511,385985642.52
2023-08-11,95.99,96.43,94.19,94.2,35823,347572800.05
2023-08-14,93.32,93.86,91.78,92.35,31840,300499195.94
2023-08-15,92.84,92.85,89.63,90.31,42430,391804046.89
2023-08-16,90.3,92.26,89.59,89.59,37687,348971986.92
2023-08-17,89.37,89.58,87.18,89.05,58106,524738284.71
2023-08-18,88.88,89.55,86.88,86.88,39205,352883809.7
2023-08-21,87.14,87.75,81.93,82.26,103413,881867541.06
2023-08-22,82.26,82.71,73.86,73.86,229403,1783834158.57
2023-08-23,72.0,72.16,68.53,69.12,238925,1718038749.03
2023-08-24,70.08,70.34,66.59,66.95,228806,1589547877.15
2023-08-25,66.39,66.46,64.41,65.16,136135,911287243.86
2023-08-28,68.5,69.14,65.59,65.99,171884,1187948209.51
2023-08-29,65.96,66.73,65.0,66.4,157454,1066799147.28
2023-08-30,66.4,67.06,65.16,65.95,132774,900643218.58
2023-08-31,65.76,65.8,63.74,64.65,138297,916484228.04
2023-09-01,64.71,64.89,62.97,63.52,114832,751297292.67
2023-09-04,63.91,65.36,62.57,64.44,145203,957421413.69
2023-09-05,64.26,64.55,63.49,63.94,92547,607873172.85
2023-09-06,63.72,63.72,62.34,62.99,127933,826812849.69
2023-09-07,62.96,63.14,61.19,61.2,96825,616006001.61
2023-09-08,60.88,61.14,59.98,60.09,87962,546046173.21
2023-09-11,60.06,61.25,59.47,60.81,95996,597397359.51
2023-09-12,60.67,61.81,60.38,61.0,92853,583489117.52
2023-09-13,60.7,61.62,60.06,60.35,76370,476074242.58
2023-09-14,60.26,60.26,59.1,59.48,69106,423807791.14
2023-09-15,59.48,60.19,58.82,59.43,79999,489133152.36
2023-09-18,59.25,61.66,58.62,60.48,108969,679933941.25
2023-09-19,60.5,60.75,59.39,59.76,57630,354550003.95
2023-09-20,59.38,59.86,59.12,59.2,45329,277105552.73
2023-09-21,58.84,59.52,58.58,58.68,67150,406066493.7
2023-09-22,58.47,59.78,58.37,59.75,87545,530858626.48
2023-09-25,59.75,60.25,58.56,59.48,96547,586485033.72
2023-09-26,59.28,59.55,58.67,58.67,66183,400288268.11
2023-09-27,58.45,60.97,58.39,59.04,150521,919034178.98
2023-09-28,59.08,60.02,58.12,58.37,133910,807539110.14
2023-10-09,57.79,57.99,56.8,57.54,129728,764364010.41
2023-10-10,58.27,58.57,56.99,57.04,100769,595795496.77
2023-10-11,57.5,58.44,56.68,56.98,111923,660860216.4
2023-10-12,57.11,61.16,57.09,60.19,264329,1610874542.12
2023-10-13,59.59,59.92,58.19,58.57,113574,686065898.52
2023-10-16,59.47,60.9,56.73,57.34,172745,1029327456.49
2023-10-17,58.07,63.23,57.24,60.87,391111,2459678279.86
2023-10-18,60.05,60.1,58.0,58.18,225507,1364378571.43
2023-10-19,57.47,58.47,56.52,56.9,167543,984546394.05
2023-10-20,56.22,62.74,55.83,62.74,451507,2832464765.74
2023-10-23,63.47,63.68,61.63,61.87,348135,2232752115.14
2023-10-24,62.27,62.46,60.32,61.78,241341,1519741816.28
2023-10-25,62.5,62.5,59.59,60.16,231396,1442416898.16
2023-10-26,59.32,59.39,54.1,55.9,355963,2030536197.39
2023-10-27,55.03,61.64,54.58,61.64,397782,2451110413.81
2023-10-30,63.47,66.91,63.18,66.01,526354,3497595998.95
2023-10-31,65.14,65.94,64.07,65.47,267670,1776484000.28
2023-11-01,64.27,64.4,62.2,63.25,216492,1403236824.25
2023-11-02,63.92,63.99,61.35,61.53,156184,993648819.52
2023-11-03,61.47,62.72,61.24,62.01,153048,973143149.43
2023-11-06,61.93,68.27,61.93,67.72,338772,2282480229.96
2023-11-07,67.96,67.97,66.24,66.87,189209,1293130745.07
2023-11-08,66.48,70.5,66.48,68.55,274497,1933084601.15
2023-11-09,68.71,70.04,67.85,68.09,183970,1293363981.67
2023-11-10,67.57,68.06,66.59,66.67,122010,835233246.88
2023-11-13,66.88,68.37,65.97,66.46,120915,823235326.72
2023-11-14,66.42,66.87,64.97,65.88,142297,956268748.26
2023-11-15,67.15,67.22,65.42,65.81,202211,1370576487.53
2023-11-16,65.45,65.65,64.15,64.21,132897,879384282.19
2023-11-17,63.57,64.65,63.48,64.36,97771,643033307.83
2023-11-20,64.61,64.75,62.55,63.17,162870,1053601513.71
2023-11-21,63.1,63.82,62.37,62.37,131527,848800051.78
2023-11-22,61.97,62.15,59.97,60.03,182910,1140943114.83
2023-11-23,59.83,60.35,59.27,59.77,121681,744448893.03
2023-11-24,59.78,59.91,58.47,58.63,107627,651367252.31
2023-11-27,58.47,58.47,57.14,57.63,106286,628894248.71
2023-11-28,57.27,59.66,57.12,58.9,146044,880412807.46
2023-11-29,58.55,58.57,57.27,57.32,112401,666143665.65
2023-11-30,57.16,58.53,56.82,57.34,104223,615362977.42
2023-12-01,57.47,57.84,56.05,56.6,133198,776951444.25
2023-12-04,56.28,56.92,55.54,56.09,91457,527427145.39
2023-12-05,55.63,57.29,55.28,55.39,120600,696991097.33
2023-12-06,55.23,58.03,54.98,57.06,180087,1059471665.98
2023-12-07,56.89,56.95,55.86,56.27,114994,664813119.94
2023-12-08,56.52,56.82,55.27,55.33,102725,587032267.27
2023-12-11,54.47,54.71,53.5,54.67,144470,803697280.58
2023-12-12,54.33,55.73,54.25,55.05,91299,516903262.47
2023-12-13,54.57,54.75,52.91,52.94,123523,681350184.34
2023-12-14,53.27,54.05,51.85,51.87,119673,648326127.12
2023-12-15,52.07,52.84,51.13,51.42,132265,707114243.82
2023-12-18,50.79,51.35,49.83,49.88,120199,622947402.37
2023-12-19,49.86,50.39,49.25,49.72,109785,563584207.24
2023-12-20,49.66,49.94,48.65,49.19,197766,1003442297.15
2023-12-21,48.87,50.41,48.52,49.86,280346,1427202431.47
2023-12-22,49.48,52.96,48.97,51.65,298704,1571356997.08
2023-12-25,51.34,52.27,50.97,52.11,150416,801131906.43
2023-12-26,51.99,52.79,51.65,52.31,134197,721895558.19
2023-12-27,52.23,52.36,51.39,51.81,132595,706298502.94
2023-12-28,51.54,55.82,51.54,55.3,260469,1456067261.44
2023-12-29,55.17,56.0,54.85,55.29,146219,830468583.33
2024-01-02,55.29,55.29,53.34,53.34,124997,694036685.32
2024-01-03,53.19,53.95,52.75,53.35,108219,592141711.74
2024-01-04,53.38,53.44,51.54,51.76,99958,535655653.73
2024-01-05,51.57,53.52,50.48,50.86,137100,733544043.71
2024-01-08,50.72,51.93,49.4,49.48,119285,617357734.03
2024-01-09,49.48,50.72,48.35,49.74,130379,666310935.77
2024-01-10,49.27,51.53,48.8,49.67,152519,789671466.49
2024-01-11,49.74,53.19,49.33,52.65,230171,1222720831.92
2024-01-12,52.22,53.01,51.75,51.85,136682,735328857.79
2024-01-15,51.42,51.82,50.41,50.86,107899,566031265.44
2024-01-16,50.67,52.21,50.28,51.23,122889,646018565.24
2024-01-17,50.98,50.98,49.53,49.57,97202,502585064.18
2024-01-18,48.98,50.47,48.67,50.39,156409,799712860.31
2024-01-19,50.07,51.64,49.27,49.27,135035,699300870.47
2024-01-22,48.6,49.02,46.99,47.22,152042,753645111.94
2024-01-23,46.83,48.73,46.18,47.53,118223,582236320.62
2024-01-24,47.82,47.97,45.55,47.23,130938,631400980.96
2024-01-25,46.54,47.99,46.05,47.93,137988,673361822.16
2024-01-26,47.49,48.21,46.26,46.28,140712,683106451.43
2024-01-29,46.12,46.55,43.48,43.48,155041,717028999.86
2024-01-30,43.1,43.87,42.06,42.12,115168,512940823.4
2024-01-31,42.14,43.79,40.96,40.96,135628,592603160.94
2024-02-01,40.89,41.55,40.12,40.57,123617,522731424.01
2024-02-02,40.82,41.12,37.27,38.87,168104,687253136.6
2024-02-05,38.37,38.75,35.45,37.11,207002,803961167.26
2024-02-06,36.96,39.92,36.85,39.91,183289,733664254.65
2024-02-07,39.95,41.04,39.32,40.04,186845,779701934.19
2024-02-08,40.47,41.62,39.5,41.12,197370,833146171.79
2024-02-19,41.12,41.27,39.91,40.82,149948,630951201.55
2024-02-20,40.47,41.05,40.07,40.93,112698,473541433.21
2024-02-21,40.61,42.86,40.23,41.75,176791,767218763.86
2024-02-22,41.47,42.46,41.4,42.45,107993,471577213.32
2024-02-23,42.47,43.13,42.11,42.82,126608,559526129.95
2024-02-26,42.81,43.66,42.45,42.92,122051,543496440.64
2024-02-27,42.66,43.75,42.51,43.72,103502,462715949.33
2024-02-28,43.95,46.02,42.51,42.52,238815,1100161415.66
2024-02-29,41.95,44.36,41.77,44.36,184772,831041620.08
2024-03-01,44.05,44.89,43.75,44.07,122146,558342532.84
2024-03-04,43.84,44.47,43.16,43.4,108250,489430644.38
2024-03-05,42.97,42.97,42.2,42.52,118873,523821760.13
2024-03-06,42.24,43.85,42.03,42.73,111506,493277938.09
2024-03-07,42.74,42.86,40.98,40.98,128548,557186183.12
2024-03-08,40.89,42.41,40.46,40.98,130603,558523272.42
2024-03-11,41.57,45.23,41.54,45.23,299452,1361451768.24
2024-03-12,46.67,46.79,45.85,46.45,372870,1786540603.78
2024-03-13,46.5,46.97,45.7,45.95,178579,852715631.76
2024-03-14,45.71,46.34,44.36,44.74,150089,702787842.35
2024-03-15,44.47,45.02,43.43,44.35,129961,592555839.91
2024-03-18,45.03,45.67,44.37,45.3,178660,831623806.19
2024-03-19,45.17,45.2,44.11,44.11,145548,670249803.83
2024-03-20,44.12,44.65,43.57,44.09,146547,666041451.23
2024-03-21,43.87,44.28,43.03,43.19,136611,614656263.53
2024-03-22,43.1,43.33,40.95,40.99,198133,854036270.73
2024-03-25,40.63,40.77,39.2,39.23,180098,746168696.08
2024-03-26,39.23,42.96,39.23,41.77,319396,1359000229.63
2024-03-27,41.6,41.89,39.02,39.03,208715,869743676.58
2024-03-28,38.97,39.94,38.93,39.23,151520,619957938.7
2024-03-29,39.25,41.14,39.24,40.02,175097,733341815.85
2024-04-01,40.26,41.57,40.26,41.52,179192,767692014.4
2024-04-02,41.53,42.62,40.94,42.21,201579,874840731.13
2024-04-03,42.07,43.02,41.37,41.83,192449,841187780.68
2024-04-08,41.45,42.36,40.12,40.14,148307,629668578.22
2024-04-09,40.11,43.25,40.11,42.82,308557,1355068516.75
2024-04-10,42.76,42.97,41.22,41.46,157347,681224310.05
2024-04-11,40.99,41.36,40.21,40.83,146745,621191518.93
2024-04-12,40.73,40.78,39.37,39.43,161300,665559550.49
2024-04-15,39.65,43.53,39.65,43.53,473418,2106092249.09
2024-04-16,43.69,44.46,40.83,41.0,370116,1613792145.31
2024-04-17,40.92,42.6,40.92,42.22,280420,1219995998.04
2024-04-18,41.77,43.02,40.82,41.67,264089,1148356656.61
2024-04-19,41.05,41.22,39.47,39.87,266484,1107911399.02
2024-04-22,39.3,39.77,37.38,38.29,195267,780531691.59
2024-04-23,38.29,38.67,37.3,37.48,156970,616733867.49
2024-04-24,37.0,37.3,35.48,36.22,207718,783726035.78
2024-04-25,34.48,38.56,34.47,37.99,309157,1192590607.3
2024-04-26,37.76,38.55,37.12,38.07,182538,718374108.05
2024-04-29,38.04,41.67,37.97,41.09,308875,1298004695.52
2024-04-30,40.89,41.25,39.97,40.08,135351,567707838.9
2024-05-06,41.57,42.7,41.57,41.71,192724,838801935.41
2024-05-07,41.87,42.33,41.26,42.33,128406,557330288.42
2024-05-08,42.15,42.15,41.0,41.05,97699,420598811.28
2024-05-09,41.77,43.42,41.77,42.69,193866,858198654.65
2024-05-10,42.52,42.62,41.41,41.68,115119,498978841.8
2024-05-13,40.85,41.11,40.1,40.18,113768,477674563.67
2024-05-14,40.36,40.85,39.89,40.02,89318,372895394.51
2024-05-15,40.37,40.83,39.37,39.42,82212,340525954.9
2024-05-16,39.69,39.96,38.91,39.19,85442,349730666.64
2024-05-17,39.46,40.09,38.73,40.02,90435,370249636.59
2024-05-20,40.07,40.61,39.53,39.66,101212,420205458.56
2024-05-21,39.61,39.75,38.82,39.12,82632,335499699.98
2024-05-22,39.29,40.13,39.03,40.02,131140,540822262.29
2024-05-23,39.97,39.97,38.19,38.32,132529,533736844.29
2024-05-24,38.24,39.06,37.66,37.97,137218,545931679.83
2024-05-27,38.1,38.37,36.87,38.12,101099,393988044.46
2024-05-28,38.27,38.62,37.5,37.53,78431,309507843.75
2024-05-29,37.73,39.28,37.61,38.32,118060,473529297.24
2024-05-30,38.45,38.48,37.87,38.17,75161,297913779.69
2024-05-31,38.19,38.87,37.99,38.04,106595,423949070.24
2024-06-03,38.12,38.15,37.22,37.64,85611,321017407.48
2024-06-04,37.58,38.23,37.19,37.98,86552,327727582.25
2024-06-05,37.99,40.5,37.81,39.25,225437,892240268.73
2024-06-06,39.1,39.49,37.9,38.13,129448,498807521.66
2024-06-07,38.21,38.32,36.39,36.9,137621,510248518.79
2024-06-11,36.69,37.45,36.08,37.2,77364,285777563.07
2024-06-12,37.01,37.12,36.6,37.08,82303,303473507.54
2024-06-13,36.91,37.3,36.3,36.4,99557,365182949.69
2024-06-14,36.07,36.5,35.6,36.13,106997,384675916.0
2024-06-17,35.86,38.43,35.78,37.52,201903,754619934.0
2024-06-18,37.31,37.49,36.62,36.81,108610,401505116.8
2024-06-19,36.92,36.97,36.03,36.06,83364,302369409.06
2024-06-20,36.07,36.23,34.91,34.95,106827,377998075.03
2024-06-21,34.83,35.18,34.33,34.6,88062,305312596.55
2024-06-24,34.36,34.42,32.8,33.01,176224,585954249.19
2024-06-25,32.93,33.13,32.33,32.68,92552,302680548.0
2024-06-26,32.7,33.52,32.11,33.39,112115,369116380.31
2024-06-27,33.1,33.23,32.05,32.15,105141,342368614.08
2024-06-28,32.1,32.54,31.31,31.65,134059,428002159.96
2024-07-01,31.35,32.4,30.96,31.78,109912,346747887.62
2024-07-02,31.62,32.17,31.27,31.34,81165,257134517.94
2024-07-03,31.44,32.14,31.07,31.61,94511,298795031.01
2024-07-04,31.62,31.76,30.77,30.81,79087,245838611.88
2024-07-05,30.8,31.1,30.51,30.92,67004,206690812.53
2024-07-08,30.39,30.39,29.43,29.64,117391,351039832.12
2024-07-09,29.6,29.89,28.92,29.59,133018,390968297.42
2024-07-10,29.33,30.46,29.19,29.4,122890,367414049.93
2024-07-11,29.99,31.0,29.77,30.8,178341,544276882.21
2024-07-12,30.7,31.18,30.55,30.68,113603,350420423.25
2024-07-15,30.5,30.68,29.83,29.86,98422,296203781.28
2024-07-16,29.85,30.32,29.71,30.13,87561,262642370.46
2024-07-17,30.03,31.03,30.0,30.52,126111,385181836.88
2024-07-18,30.33,30.4,29.88,30.3,96049,289536664.26
2024-07-19,30.1,31.0,29.93,30.4,119327,364025738.29
2024-07-22,30.4,30.79,29.83,29.97,97739,295438470.62
2024-07-23,29.96,30.12,28.66,28.67,127767,375131375.6
2024-07-24,28.2,28.8,27.96,28.0,120160,339666075.85
2024-07-25,27.88,29.58,27.82,28.86,164515,475736488.36
2024-07-26,28.95,30.25,28.87,30.03,154720,461791691.33
2024-07-29,30.0,30.21,29.2,29.45,102485,302208259.69
2024-07-30,29.41,29.47,28.92,29.26,91333,266175889.69
2024-07-31,29.29,30.82,29.08,30.82,135948,410978402.78
2024-08-01,30.76,30.92,30.1,30.28,106610,324316617.57
2024-08-02,30.2,30.66,29.88,29.89,81292,245748092.4
2024-08-05,29.9,30.84,29.56,29.56,115585,348933868.86
2024-08-06,30.0,30.35,29.58,30.0,92991,278784913.08
2024-08-07,29.96,29.97,29.57,29.74,69806,207852719.49
2024-08-08,29.55,29.85,29.33,29.5,69754,206120655.0
2024-08-09,29.74,30.09,28.82,28.82,81913,240053035.16
2024-08-12,28.9,29.22,28.19,28.3,88699,252231643.96
2024-08-13,28.36,28.79,27.76,28.37,106245,299577067.88
2024-08-14,28.35,28.66,27.53,27.6,104666,291072595.45
2024-08-15,27.49,28.14,27.24,27.71,104675,289945491.91
2024-08-16,27.79,27.88,27.07,27.07,93160,254846319.76
2024-08-19,27.01,27.33,26.72,26.74,83892,226230386.35
2024-08-20,26.76,27.17,26.28,26.33,92811,247372147.51
2024-08-21,26.21,26.84,26.1,26.44,101037,268065609.95
2024-08-22,26.5,26.58,25.75,25.78,87274,228205546.94
2024-08-23,25.66,25.96,25.39,25.39,77493,197837856.57
2024-08-26,25.49,26.99,25.45,26.14,132065,347722993.83
2024-08-27,26.01,26.18,25.31,25.41,92012,235943652.35
2024-08-28,25.41,25.66,25.13,25.48,69617,177018692.4
2024-08-29,25.42,26.74,25.31,26.58,144561,379164315.64
2024-08-30,26.58,27.37,26.42,26.91,143973,388703145.05
2024-09-02,26.89,27.24,26.19,26.19,95966,255147555.85
2024-09-03,26.12,27.1,25.86,26.62,103929,276211539.96
2024-09-04,26.4,28.06,26.4,27.51,229545,632796842.68
2024-09-05,27.33,28.4,27.3,27.45,137699,381615734.96
2024-09-06,27.49,27.51,26.6,26.65,87438,235456860.14
2024-09-09,26.32,26.9,26.19,26.43,73747,195230642.0
2024-09-10,26.43,26.53,25.79,25.82,104195,270993207.2
2024-09-11,25.83,27.15,25.73,26.85,179352,478035684.44
2024-09-12,26.74,26.96,26.11,26.13,118745,314153800.95
2024-09-13,26.13,26.26,25.0,25.0,138475,352393022.98
2024-09-18,24.94,25.1,24.4,24.65,77304,190445709.19
2024-09-19,24.84,25.46,24.43,25.18,119984,299927096.82
2024-09-20,25.19,25.2,24.46,24.6,106578,263468860.84
2024-09-23,24.58,24.94,24.42,24.47,90558,222978993.91
2024-09-24,24.72,26.68,24.68,26.67,300958,774258388.78
2024-09-25,27.0,27.77,26.92,26.95,265359,723507520.32
2024-09-26,26.95,28.31,26.75,28.29,231209,636986476.82
2024-09-27,28.71,31.12,28.71,31.1,353592,1070538226.36
2024-09-30,33.2,34.21,32.33,34.21,389919,1307670327.18
2024-10-08,37.63,37.63,35.69,37.63,452098,1681857541.53
2024-10-09,37.63,38.62,35.21,35.73,454548,1679695049.11
2024-10-10,35.9,36.44,34.35,35.41,273036,971860336.79
2024-10-11,35.04,35.26,32.7,33.26,215168,728292461.93
2024-10-14,33.39,33.79,32.4,33.45,173640,575529087.22
2024-10-15,33.4,33.56,32.4,32.4,166709,548611906.73
2024-10-16,31.8,32.2,31.3,31.53,147993,469056769.82
2024-10-17,31.6,31.99,31.06,31.09,111957,352621905.49
2024-10-18,31.01,33.08,30.68,32.18,230242,732104897.91
2024-10-21,32.32,33.33,32.12,32.67,212644,694323940.5
2024-10-22,32.53,33.48,32.11,33.46,175261,576494101.67
2024-10-23,33.49,34.35,32.9,33.9,265657,893741514.8
2024-10-24,33.6,33.79,32.7,32.94,170139,563148415.7
2024-10-25,33.0,36.23,33.0,35.85,453033,1601385421.5
2024-10-28,35.9,36.1,34.78,36.1,278144,985071027.9
2024-10-29,36.36,36.98,34.81,34.89,222676,792175477.1
2024-10-30,34.38,35.0,34.2,34.7,154050,532988576.75
2024-10-31,34.63,35.85,34.42,35.6,199806,704131390.87
2024-11-01,35.39,36.09,34.03,34.2,182549,634586203.54
2024-11-04,34.3,35.28,33.9,34.77,112344,389546536.33
2024-11-05,34.74,36.36,34.4,36.28,257900,924512798.57
2024-11-06,36.47,37.95,36.45,36.68,273010,1016371288.45
2024-11-07,37.03,39.03,36.9,39.0,313697,1197579541.08
2024-11-08,40.0,40.55,37.76,37.9,348302,1362253902.48
2024-11-11,37.51,41.69,37.48,41.69,423593,1707536009.78
2024-11-12,42.0,42.84,40.01,40.27,410877,1702958068.73
2024-11-13,40.0,41.3,39.38,40.6,261779,1054406615.63
2024-11-14,41.22,41.37,39.18,39.27,248866,1004265967.33
2024-11-15,38.8,39.49,37.58,37.59,208584,805219457.3
2024-11-18,37.95,38.85,37.01,37.38,186898,710507785.12
2024-11-19,37.41,39.89,36.35,39.85,258177,979460058.35
2024-11-20,39.5,40.05,38.9,39.43,225102,885612076.34
2024-11-21,39.16,40.88,39.15,39.72,221319,884563255.93
2024-11-22,39.5,40.73,38.8,38.83,217859,864547970.27
2024-11-25,39.66,41.5,39.5,40.32,268221,1083603470.14
2024-11-26,40.49,40.49,37.8,37.85,217333,841021051.03
2024-11-27,37.38,38.0,36.35,37.98,176971,656340060.27
2024-11-28,37.71,38.24,36.86,36.94,128390,480176627.28
2024-11-29,36.89,37.99,36.4,37.25,137902,512542569.45
2024-12-02,37.0,37.76,36.67,37.55,124504,465112193.17
2024-12-03,37.66,37.78,36.6,36.85,137288,507166918.43
2024-12-04,36.56,36.85,35.53,35.67,141521,510201636.21
2024-12-05,35.66,36.25,35.57,35.92,100446,360385116.45
2024-12-06,35.88,36.88,35.46,36.6,126369,458986336.0
2024-12-09,36.33,36.93,36.16,36.86,100686,368195585.23
2024-12-10,38.0,38.2,36.73,36.76,142798,533185723.49
2024-12-11,36.68,37.1,36.59,36.77,80354,296170683.5
2024-12-12,36.68,36.85,36.19,36.54,97546,355840967.37
2024-12-13,36.25,36.35,35.31,35.33,139135,495538550.62
2024-12-16,35.47,35.6,34.05,34.3,130799,452975913.74
2024-12-17,34.32,34.76,33.97,34.12,90281,310085679.86
2024-12-18,34.28,34.4,33.76,33.8,76162,259049828.22
2024-12-19,33.46,33.63,33.11,33.52,84564,282225174.62
2024-12-20,33.52,34.16,33.5,33.77,85127,287935353.94
2024-12-23,33.77,34.15,33.03,33.03,92486,310583556.27
2024-12-24,33.45,33.93,33.25,33.58,81417,273303430.31
2024-12-25,33.54,33.78,32.8,32.95,73223,242421393.48
2024-12-26,33.1,33.4,32.98,33.06,59784,198371870.14
2024-12-27,33.03,33.49,32.91,33.16,73225,243448640.18
2024-12-30,33.1,33.42,32.85,33.1,66494,220242158.51
2024-12-31,33.03,33.2,31.96,31.99,109275,353719168.7
2025-01-02,31.96,32.14,30.8,31.03,105923,332923744.33
2025-01-03,31.05,31.28,30.14,30.14,94298,289377811.77
2025-01-06,30.19,30.65,29.85,30.17,76990,232799244.78
2025-01-07,30.1,30.47,29.89,30.46,63112,190656393.63
2025-01-08,30.28,30.35,29.2,30.01,94120,280640226.35
2025-01-09,29.78,30.45,29.78,30.07,63741,192453830.35
2025-01-10,30.12,30.39,29.16,29.17,71685,213285048.39
2025-01-13,28.94,30.0,28.78,29.86,88281,261725057.47
2025-01-14,29.9,30.77,29.81,30.66,96605,293047789.2
2025-01-15,32.99,33.0,31.43,31.52,210643,676181932.26
2025-01-16,31.5,32.07,30.9,31.3,128361,403567340.06
2025-01-17,31.27,31.64,30.95,31.16,72593,226496350.11
2025-01-20,31.33,31.66,31.16,31.26,74188,232374905.39
2025-01-21,31.4,31.48,30.71,30.87,68658,212264946.44
2025-01-22,30.02,30.02,29.07,29.3,149974,442312557.1
2025-01-23,29.61,29.98,28.88,28.96,108814,320392507.88
2025-01-24,29.0,29.54,28.81,29.4,80910,236856431.68
2025-01-27,29.5,29.88,28.9,28.9,72841,212728505.0
2025-02-05,29.05,29.23,28.8,29.16,78752,228399058.49
2025-02-06,29.05,29.99,28.69,29.98,127045,375491298.15
2025-02-07,29.96,30.68,29.88,30.25,135233,410224257.19
2025-02-10,30.26,30.93,29.95,30.79,124161,377811732.7
2025-02-11,30.99,31.49,30.35,30.53,113420,347820782.55
2025-02-12,30.31,31.39,30.31,31.16,124377,382703203.17
2025-02-13,31.1,31.69,30.93,30.95,136538,428457720.11
2025-02-14,30.87,31.85,30.83,31.38,119976,375961004.43
2025-02-17,31.5,31.78,31.07,31.31,111654,351013428.37
2025-02-18,31.68,32.77,31.43,31.63,229530,736324403.75
2025-02-19,31.4,31.76,30.93,31.76,145036,455627723.85
2025-02-20,31.53,31.59,31.05,31.26,107421,336039251.59
2025-02-21,31.25,31.88,31.2,31.75,167714,530515533.89
2025-02-24,31.73,32.5,31.36,31.94,147295,468972989.31
2025-02-25,31.6,32.24,31.46,31.97,108591,345993775.92
2025-02-26,32.02,33.07,31.77,32.96,182385,594944562.43
2025-02-27,33.01,34.39,32.73,33.45,297228,998936964.62
2025-02-28,33.4,34.15,32.54,32.68,215114,717969506.34
2025-03-03,33.09,35.45,33.04,34.84,356538,1227099411.6
2025-03-04,34.0,34.09,33.13,33.87,232636,779275904.69
2025-03-05,33.6,33.63,32.79,33.03,145383,480667945.41
2025-03-06,33.31,33.66,33.0,33.47,139117,464708891.56
2025-03-07,33.33,33.33,32.49,32.6,135558,445271935.08
2025-03-10,32.5,32.9,32.44,32.74,81825,267395409.7
2025-03-11,32.4,32.8,32.17,32.78,94538,306260472.93
2025-03-12,32.85,32.99,32.55,32.6,84760,277482106.9
2025-03-13,32.63,34.28,32.63,33.22,194966,653873469.57
2025-03-14,33.0,34.27,32.66,33.89,200108,672355508.47
2025-03-17,34.05,35.27,33.7,34.98,237377,819751281.71
2025-03-18,34.9,35.12,34.48,34.57,151506,526785418.16
2025-03-19,34.55,34.63,33.61,33.89,127271,433526650.58
2025-03-20,33.83,34.1,33.4,33.45,90520,305190359.3
2025-03-21,33.36,33.8,32.09,32.2,160127,523573282.68
2025-03-24,32.3,32.33,31.42,31.9,92563,294473447.29
2025-03-25,31.97,32.24,31.77,32.13,69812,223784702.6
2025-03-26,32.14,32.29,31.97,31.99,58169,186701316.45
2025-03-27,31.76,32.09,31.34,31.81,68033,215506352.15
2025-03-28,31.82,32.09,31.54,31.56,61061,193985505.64
2025-03-31,31.3,31.53,30.47,30.79,73843,228026747.9
2025-04-01,30.79,31.2,30.79,30.86,50021,154952484.11
2025-04-02,30.85,31.22,30.79,31.19,47868,148720022.3
2025-04-03,30.9,31.4,30.69,31.0,53335,165736332.86
2025-04-07,29.63,29.73,27.9,27.9,137387,392002110.28
2025-04-08,27.74,28.39,27.5,28.05,109576,306007727.9
2025-04-09,27.65,28.2,26.7,28.07,114109,314693255.28
2025-04-10,28.7,28.97,28.29,28.36,104317,299062638.4
2025-04-11,28.1,29.38,28.02,28.94,93578,268946224.8
2025-04-14,29.4,29.45,28.77,28.9,81308,236248359.8
2025-04-15,28.89,29.43,28.81,28.97,62120,180431990.7
2025-04-16,28.89,28.89,28.26,28.63,59373,169348546.51
2025-04-17,28.46,28.92,28.42,28.66,41936,120559557.0
2025-04-18,28.74,28.8,28.37,28.76,35024,100163837.38
2025-04-21,28.18,28.52,27.89,28.45,66109,186837798.88
2025-04-22,28.4,28.59,28.18,28.2,48503,137617162.46
2025-04-23,28.18,28.38,27.8,28.18,82817,232536484.86
2025-04-24,28.29,28.77,27.94,27.96,66024,187009149.2
2025-04-25,27.88,28.12,27.77,27.97,49221,137572552.19
2025-04-28,28.0,28.04,26.34,26.65,156747,422772391.91
2025-04-29,26.52,27.24,26.43,27.12,77949,209718924.28
2025-04-30,27.56,27.8,27.35,27.7,58307,160958796.0
2025-05-06,27.7,28.08,27.63,28.07,62549,174434921.66
2025-05-07,28.46,28.51,27.8,28.08,66552,187092717.76
2025-05-08,27.94,28.88,27.85,28.66,77659,221101917.62
2025-05-09,28.54,28.63,27.98,28.5,68418,193581944.81
2025-05-12,28.86,29.23,28.75,29.19,87498,253544616.02
2025-05-13,29.46,29.48,28.86,29.17,83007,242002202.38
2025-05-14,29.04,29.38,28.8,29.25,64736,188500047.8
2025-05-15,29.08,29.18,28.62,28.62,56320,162285644.62
2025-05-16,28.58,28.85,28.42,28.44,45575,130151391.43
2025-05-19,28.44,28.47,27.96,28.43,55010,155235441.8
2025-05-20,28.53,28.88,28.36,28.7,58087,166501381.9
2025-05-21,28.71,30.5,28.71,29.69,216313,647226941.75
2025-05-22,29.29,29.38,28.75,28.76,111793,323871752.5
2025-05-23,28.71,29.08,28.41,28.48,71716,206257298.47
2025-05-26,28.35,28.38,28.02,28.1,64723,182241175.9
2025-05-27,28.1,28.72,27.87,28.43,76445,215860815.63
2025-05-28,28.29,28.35,27.94,27.96,50015,140295955.6
2025-05-29,27.94,28.26,27.9,28.2,45816,128990429.97
2025-05-30,28.15,28.15,27.77,27.79,54022,150645859.11
2025-06-03,27.65,27.83,27.45,27.7,59106,163250110.13
2025-06-04,27.77,28.21,27.76,27.99,80932,226419605.15
2025-06-05,28.02,28.02,27.68,27.88,62557,173719496.04
2025-06-06,27.86,28.08,27.68,27.78,62596,174502954.92
2025-06-09,27.82,28.33,27.81,28.14,112192,315726954.52
2025-06-10,28.22,28.91,27.73,27.92,129628,366790673.98
2025-06-11,27.92,28.63,27.92,28.16,101466,286915531.36
2025-06-12,28.1,28.1,27.68,27.85,104989,291786920.87
2025-06-13,27.18,27.19,26.05,26.27,393697,1041393602.55
2025-06-16,26.08,26.15,25.87,26.07,126799,329954316.91
2025-06-17,26.05,26.94,26.01,26.55,186209,495587254.49
2025-06-18,26.49,26.62,26.1,26.5,100698,264976059.32
2025-06-19,26.44,26.98,26.19,26.24,123933,329673007.27
2025-06-20,26.28,26.87,26.26,26.31,116844,310546498.25
2025-06-23,26.26,26.77,26.07,26.77,113250,301277375.01
2025-06-24,26.78,28.12,26.77,28.12,259586,718486398.58
2025-06-25,28.19,28.54,28.0,28.43,186313,526852622.79
2025-06-26,28.75,30.44,28.69,29.36,402192,1199077977.36
2025-06-27,29.58,30.9,29.54,29.62,270227,809620279.28
2025-06-30,29.95,29.95,29.09,29.29,171760,503547327.1
2025-07-01,29.33,29.34,28.53,28.9,161000,464221433.76
2025-07-02,28.99,29.15,28.56,29.02,158607,457069462.77
2025-07-03,29.0,29.73,28.61,29.43,201512,589145788.1
2025-07-04,29.36,29.38,28.72,28.82,139817,404278054.62
2025-07-07,28.66,28.9,28.51,28.59,85460,244829638.44
2025-07-08,28.56,29.47,28.52,29.34,158854,462555671.98
2025-07-09,29.39,29.45,28.84,28.89,117796,343403870.37
2025-07-10,28.45,28.92,28.38,28.79,145573,417760594.31
2025-07-11,28.79,29.07,28.52,28.56,152311,438019931.69
2025-07-14,28.6,29.22,28.41,28.51,150059,430933717.3
2025-07-15,28.55,28.71,27.82,28.19,138877,391511317.37
2025-07-16,28.11,28.44,28.06,28.19,81232,229241399.32
2025-07-17,28.26,29.2,28.11,29.12,198677,570247277.05
2025-07-18,29.17,29.57,28.96,29.13,154504,452165366.97
2025-07-21,29.15,29.24,28.95,29.24,94452,275042168.09
2025-07-22,29.2,29.86,29.09,29.59,195358,577308952.92
2025-07-23,29.6,30.17,29.33,29.38,195659,580987662.07
2025-07-24,29.35,30.35,29.32,30.34,251072,752029897.75
2025-07-25,30.72,31.1,30.36,30.48,238952,734996540.07
2025-07-28,30.16,31.04,30.0,30.96,202613,621035368.31
2025-07-29,30.83,31.35,30.61,31.27,190666,590775387.74
2025-07-30,31.27,31.34,30.15,30.33,206035,631582991.93
2025-07-31,30.29,30.45,29.45,29.58,166971,498745548.36
2025-08-01,29.59,29.94,29.44,29.56,107602,318859971.67
2025-08-04,29.44,29.52,28.82,29.52,123372,359933417.38
2025-08-05,29.53,31.87,29.5,30.87,384436,1189110049.35
2025-08-06,30.71,30.75,30.28,30.64,197770,603164482.57
2025-08-07,30.63,30.81,30.15,30.39,146474,446119601.08
2025-08-08,30.36,30.66,30.05,30.07,113446,343159697.68
2025-08-11,30.48,31.77,30.41,31.72,302520,939619114.57
2025-08-12,31.68,31.69,31.0,31.33,169312,528598498.74
2025-08-13,32.11,32.66,31.69,31.78,274935,882338567.01
2025-08-14,32.1,32.33,31.01,31.15,201554,636757764.27
2025-08-15,31.03,32.16,31.02,32.07,204971,651598365.23
2025-08-18,32.28,32.43,31.92,32.07,199162,640770688.47
2025-08-19,31.99,32.32,31.54,31.99,170446,544258351.79
2025-08-20,31.92,32.04,31.42,32.02,145259,461257986.84
2025-08-21,31.96,32.08,31.26,31.45,154896,489738454.3
2025-08-22,31.41,31.96,31.31,31.89,151695,481306996.87
2025-08-25,32.01,32.6,31.92,32.24,196793,633819311.72
2025-08-26,32.11,32.32,31.85,31.95,206393,661352276.87
2025-08-27,32.03,32.54,31.1,31.11,265766,848719185.81
2025-08-28,31.11,32.07,30.6,31.47,248639,780274934.37
2025-08-29,31.41,33.1,31.39,32.3,428088,1390661859.62
2025-09-01,32.42,33.0,32.27,32.6,287291,937251777.74
2025-09-02,32.69,33.69,32.35,32.58,333834,1099661176.17
2025-09-03,32.7,33.68,32.56,32.73,338049,1118282276.12
2025-09-04,33.04,34.99,32.99,33.62,549319,1871571367.35
2025-09-05,33.6,36.98,33.59,36.98,559491,1998307259.46
2025-09-08,39.0,40.5,38.58,39.6,924599,3644170702.04
2025-09-09,39.52,41.08,38.73,39.6,695893,2751949808.62
2025-09-10,38.8,43.56,38.78,43.56,642693,2643807826.1
2025-09-11,44.1,46.2,43.0,45.48,871985,3915479107.87
2025-09-12,44.85,45.48,42.68,43.21,689816,3016461484.22
2025-09-15,43.05,44.73,43.03,43.56,538441,2369889011.55
2025-09-16,43.3,44.79,41.8,44.26,572455,2466419114.61
2025-09-17,44.25,44.7,43.03,44.41,395440,1738717793.45
2025-09-18,44.21,44.36,42.4,42.83,386204,1676376226.24
2025-09-19,42.7,44.0,42.58,42.86,305258,1321698978.53
2025-09-22,42.7,43.97,41.68,41.97,282238,1190162221.52
2025-09-23,42.09,42.39,39.8,40.54,343769,1402313593.3
2025-09-24,40.4,44.59,40.37,44.59,385787,1646516582.95
2025-09-25,46.6,48.18,45.35,45.39,794354,3714855033.43
2025-09-26,44.66,45.7,44.3,44.35,372060,1671578651.94
2025-09-29,44.78,47.14,44.78,45.75,496330,2273161972.91
2025-09-30,45.7,47.77,45.37,46.7,473342,2212249893.99
2025-10-09,47.6,49.99,46.77,48.88,517265,2510132626.16
2025-10-10,48.0,48.25,44.55,44.79,452133,2068285573.17
2025-10-13,42.01,46.0,42.01,45.85,337851,1491933808.94
2025-10-14,45.85,46.23,42.68,43.25,327859,1452095569.49
2025-10-15,43.21,43.83,42.13,43.58,217986,938084909.85
2025-10-16,43.28,43.84,42.49,42.74,198771,855352539.13
2025-10-17,42.57,43.7,41.34,41.35,224574,943542612.97
2025-10-20,42.14,42.26,40.65,40.91,204981,848098248.11
2025-10-21,41.19,41.26,40.48,40.87,165637,677985841.44
2025-10-22,40.56,40.8,39.8,40.17,165187,663329496.18
2025-10-23,40.08,40.38,39.12,40.26,189801,753876682.02
2025-10-24,40.68,41.35,40.35,40.91,226518,927079282.5
2025-10-27,41.27,41.67,40.6,40.95,212473,873322743.39
2025-10-28,40.65,42.0,40.22,40.97,213631,877398934.8
2025-10-29,41.0,43.44,40.77,43.08,363144,1538268112.16
2025-10-30,42.9,45.24,42.34,44.11,494269,2179464762.25
2025-10-31,44.2,48.52,44.2,48.52,487099,2350603810.75
2025-11-03,47.7,49.1,47.0,48.6,686559,3301943735.56
2025-11-04,48.5,50.58,47.79,47.86,571249,2801023821.81
2025-11-05,46.51,48.88,46.0,47.79,473207,2246909405.76
2025-11-06,48.51,50.2,47.26,47.5,455863,2197132684.99
2025-11-07,47.49,52.25,47.02,51.2,991070,5025521039.51
2025-11-10,52.21,55.27,52.1,54.13,925887,4993776407.58
2025-11-11,53.8,55.94,53.5,54.02,537855,2933780975.87
2025-11-12,53.57,58.3,51.5,56.11,702536,3889341817.25
2025-11-13,57.34,61.72,57.12,61.72,734193,4453427021.11
2025-11-14,61.72,64.2,60.48,60.9,918649,5704427588.85
2025-11-17,59.93,63.56,58.16,61.87,766268,4684434374.93
2025-11-18,62.0,64.96,58.9,60.62,713942,4342019280.86
2025-11-19,59.34,63.5,59.34,61.85,655459,4055156529.59
2025-11-20,62.05,66.36,61.55,61.89,703246,4493483830.86
2025-11-21,58.8,59.0,55.7,55.7,548487,3107742770.66
2025-11-24,54.05,54.99,51.15,52.45,611254,3208320675.48
2025-11-25,53.5,55.4,52.45,54.51,473577,2556141698.68
2025-11-26,55.0,55.2,53.11,53.24,266535,1431511058.2
2025-11-27,53.09,55.23,52.98,53.68,298243,1617349076.85
2025-11-28,53.71,56.26,53.62,55.35,348083,1922841207.77
2025-12-15,55.72,56.0,49.82,49.82,513421,2618433773.12
2025-12-16,47.8,48.43,45.42,46.1,595335,2756029004.58
2025-12-17,46.63,47.48,45.7,46.91,391916,1830003358.58
2025-12-18,46.3,46.72,44.75,44.77,367746,1674582252.55
2025-12-19,44.91,45.4,43.96,45.19,277257,1237804726.07
2025-12-22,45.2,49.71,44.96,48.95,512186,2471274353.48
2025-12-23,49.0,52.49,48.48,51.56,537420,2714238091.43
2025-12-24,51.69,52.78,50.8,51.92,380228,1965624422.32
2025-12-25,51.19,52.01,50.6,51.98,232853,1195274030.97
2025-12-26,53.1,57.18,53.08,56.71,645131,3607517835.37
2025-12-29,57.25,58.57,56.28,57.14,532099,3049810547.6
2025-12-30,56.04,58.58,54.3,57.13,484089,2722175702.15
2025-12-31,57.14,57.5,55.89,56.64,225166,1275050026.42
2026-01-05,56.64,57.31,54.58,56.25,318889,1784960474.21
2026-01-06,56.41,57.18,55.5,55.98,361566,2032404003.82
2026-01-07,56.0,57.3,54.49,55.19,318309,1779025260.09
2026-01-08,54.79,55.16,53.21,54.05,317378,1715056265.87
2026-01-09,53.42,55.48,52.55,53.81,282392,1538505702.77
2026-01-12,52.55,54.24,51.85,52.69,345033,1820588031.19
2026-01-13,52.69,54.39,52.64,52.84,343371,1837282263.91
2026-01-14,52.79,54.4,52.01,52.84,373457,1986378121.8
2026-01-15,52.49,55.29,52.44,54.07,405295,2200709815.44
2026-01-16,55.1,57.18,53.9,54.76,376593,2083140743.1
2026-01-19,54.22,56.0,53.0,55.58,326249,1790941377.78
2026-01-20,55.7,55.99,50.32,50.98,508026,2653084170.11
2026-01-21,50.87,52.2,50.5,51.87,228888,1183321617.28
2026-01-22,51.49,52.95,49.88,50.96,289824,1471609481.92
2026-01-23,51.0,52.93,50.82,52.88,277159,1448247023.06
2026-01-26,53.28,53.58,51.22,51.42,197655,1028611042.41
2026-01-27,51.17,51.34,48.0,49.43,300210,1475634192.06
2026-01-28,49.56,49.6,48.51,48.99,194748,953798534.08
2026-01-29,49.05,49.59,47.84,48.65,150798,737276564.14
2026-01-30,49.86,51.7,49.22,50.99,393020,1992693697.76
2026-02-02,50.9,52.47,50.3,50.92,226045,1160606725.27
2026-02-03,51.13,52.75,51.13,51.7,231448,1199705271.89
2026-02-04,51.2,53.23,50.89,52.96,237478,1233866806.73
2026-02-05,53.2,55.4,52.06,52.22,344777,1844598363.15
2026-02-06,51.0,57.44,50.77,57.44,532403,2946323718.33
2026-02-09,59.0,59.5,57.5,58.1,435262,2530716957.82
2026-02-10,58.5,59.06,56.9,57.5,242948,1400967227.05
2026-02-11,57.16,61.37,56.6,60.93,463902,2751825400.53
2026-02-12,59.8,61.84,59.2,61.5,333759,2016476513.43
2026-02-13,60.44,65.5,59.98,64.5,410928,2630660768.03
2026-02-24,64.57,68.8,64.0,66.31,367983,2436501211.19
2026-02-25,66.0,68.5,64.73,65.66,380907,2534200106.92
2026-02-26,66.9,66.99,62.38,62.49,445698,2820646777.52
2026-02-27,62.57,62.96,61.25,61.93,296585,1835872122.67
2026-03-02,60.85,62.5,60.0,60.68,280764,1711015283.23
2026-03-03,60.9,63.45,59.47,61.59,377658,2327977903.45
2026-03-04,60.49,62.75,60.01,61.75,250117,1544023496.25
2026-03-05,62.68,63.18,60.99,61.56,208557,1288716595.41
2026-03-06,61.55,62.08,60.49,61.25,154341,945732539.03
2026-03-09,60.0,65.9,59.65,65.65,421974,2670104689.47
2026-03-10,65.8,68.3,65.51,66.39,320134,2133157527.81
2026-03-11,66.04,70.88,65.87,69.74,384268,2650971966.9
2026-03-12,69.39,72.7,68.6,70.89,343886,2432320715.85
2026-03-13,71.48,76.57,71.23,72.99,518210,3856695998.82
2026-03-16,72.97,74.5,71.2,71.66,332117,2400557945.56
2026-03-17,71.66,72.66,68.0,68.9,310308,2166416688.71
2026-03-18,68.94,70.84,67.67,68.79,285570,1966085245.09
2026-03-19,68.23,68.5,63.68,64.66,389870,2552352969.86
2026-03-20,64.76,70.28,64.2,66.65,462625,3102586008.57
2026-03-23,65.31,68.37,64.68,66.0,410211,2731680306.06
2026-03-24,66.5,67.45,62.6,66.59,319077,2085305294.23
2026-03-25,67.0,68.48,65.5,67.01,339348,2271823336.56
2026-03-26,67.02,72.77,66.28,70.19,489503,3431248506.99
2026-03-27,68.35,72.17,68.35,72.17,413626,2909569226.49
2026-03-30,71.52,74.61,69.47,74.2,399909,2903010875.29
2026-03-31,73.0,74.19,67.76,67.78,414639,2929322607.35
2026-04-01,68.63,70.1,66.5,66.87,316435,2148695424.02
2026-04-02,66.6,69.02,65.13,65.9,272371,1820642357.55
2026-04-03,65.68,66.91,64.13,66.23,253361,1661801398.89
2026-04-07,66.25,70.52,65.6,69.79,276291,1867028084.93
2026-04-08,70.0,70.4,68.0,68.94,376855,2605439365.12
2026-04-09,69.18,69.48,65.8,65.82,351603,2360496013.03
2026-04-10,65.51,67.95,65.13,66.79,365871,2440795419.62
2026-04-13,65.93,67.8,65.25,66.88,320444,2133475951.21
2026-04-14,67.48,70.72,67.26,70.7,427533,2964597164.66
2026-04-15,72.0,72.18,69.58,70.76,393512,2792645853.38
2026-04-16,71.58,72.55,70.06,71.38,330264,2361169881.12
2026-04-17,70.94,73.66,70.6,71.67,331656,2378163016.72
2026-04-20,71.49,72.98,70.45,72.15,313719,2253348366.3
2026-04-21,72.6,76.35,70.61,75.84,506624,3776090739.88
2026-04-22,75.08,77.78,73.91,74.74,400198,3016028919.63
2026-04-23,74.0,74.25,69.6,70.16,543622,3857277660.49
2026-04-24,70.5,77.18,70.1,77.18,659558,4946335564.24
2026-04-27,80.24,84.0,80.01,80.85,824301,6727180610.24
2026-04-28,80.86,81.25,76.77,78.51,470794,3688266195.91
2026-04-29,78.53,85.89,77.8,84.47,656359,5414808313.38
2026-04-30,84.0,85.66,82.01,82.95,469539,3905649348.84
2026-05-06,83.78,87.71,82.91,87.55,503665,4323213100.33
2026-05-07,87.0,87.49,84.0,85.31,498031,4248209963.15
2026-05-08,83.78,85.57,80.72,81.27,476477,3921899233.55
2026-05-11,80.3,82.66,79.78,81.79,367850,2994479057.64
2026-05-12,81.5,83.8,78.23,83.42,464865,3739033346.99
2026-05-13,81.99,82.83,81.1,81.43,280356,2289265303.71
2026-05-14,79.93,81.0,75.77,75.78,501972,3895098407.21
2026-05-15,75.1,77.61,74.21,76.45,327926,2494771737.0
2026-05-18,75.0,76.69,72.01,75.4,309682,2314688511.64
2026-05-19,75.4,78.8,74.77,78.47,335705,2591327824.54
2026-05-20,77.7,81.48,76.96,80.58,382018,3030256802.16
2026-05-21,80.58,80.58,76.13,76.28,362668,2849155490.12
2026-05-22,75.69,76.25,72.28,73.27,401025,2950630545.06
2026-05-25,72.35,72.6,67.06,69.4,577316,3985241186.12
2026-05-26,68.96,70.95,67.11,70.32,378728,2624755474.27
2026-05-27,70.0,72.97,69.58,72.04,372177,2672493778.96
2026-05-28,71.96,74.42,71.62,71.81,306837,2237907076.76
2026-05-29,71.13,72.22,69.6,70.47,271619,1918514647.16
2026-06-01,69.96,72.35,68.68,69.04,240115,1691535358.68
2026-06-02,69.17,69.62,66.48,67.66,246196,1659532318.37
2026-06-03,67.3,68.06,66.0,66.36,246539,1648676870.53
2026-06-04,66.0,66.2,64.2,64.37,280150,1816802161.74
2026-06-05,64.05,65.66,62.63,63.31,259548,1659528287.49
2026-06-08,61.99,63.92,59.93,61.1,271865,1670324865.04
2026-06-09,62.1,63.68,60.5,62.94,236167,1463379842.62
2026-06-10,62.5,63.58,60.62,61.02,193853,1194287792.38
2026-06-11,61.0,64.08,60.16,61.4,280461,1731405873.14
2026-06-12,62.0,67.54,61.28,67.54,474984,3103321090.5
2026-06-15,68.72,69.33,66.69,67.92,477312,3239366664.9
2026-06-16,68.71,70.77,67.4,69.77,418937,2910275241.53
2026-06-17,69.78,70.55,68.7,70.38,325665,2268769948.81
2026-06-18,69.78,70.6,67.6,67.7,345776,2372390146.84
2026-06-22,66.92,72.3,65.25,72.05,479671,3311286654.14
2026-06-23,72.0,72.5,68.41,68.81,312932,2197426005.01
2026-06-24,68.8,70.3,66.25,69.44,318935,2187218103.87
2026-06-25,69.38,70.0,67.69,68.27,239957,1645946259.89
2026-06-26,67.57,68.25,62.76,62.86,339297,2199619182.37
2026-06-29,62.53,66.3,62.11,65.32,276895,1784474166.73
2026-06-30,64.69,67.53,64.3,66.91,221755,1470969640.25
2026-07-01,67.02,67.3,63.19,65.44,306371,2000725021.58
2026-07-02,64.99,67.9,63.61,65.02,273652,1801746965.92
2026-07-03,65.65,65.68,63.72,64.51,210689,1358391177.51
2026-07-06,63.01,66.75,62.11,65.0,280071,1820720554.26
2026-07-07,66.3,70.6,66.3,67.72,474081,3265353094.91
2026-07-08,68.0,68.3,60.95,60.95,440167,2774312448.7
2026-07-09,59.01,60.95,57.29,59.33,449725,2646141959.22
2026-07-10,61.3,62.24,54.71,54.8,516749,2941917802.13
2026-07-13,54.5,55.44,52.4,52.63,290876,1553105220.59
2026-07-14,52.63,54.03,51.28,53.7,226872,1194277144.36
2026-07-15,53.78,55.97,53.43,54.96,247924,1366118678.72
2026-07-16,54.0,54.44,50.96,51.33,248967,1303040050.99
2026-07-17,51.19,52.37,49.65,50.16,237203,1206599610.56
